id,country_code
INET_N_855,PL
INET_N_1828,PL
INET_N_329,PL
INET_N_1612,IT
INET_N_1009,IT
INET_N_1093,IT
INET_N_1061,IT
INET_N_1086,IT
SEQ_1477__L_LMGN,IT
SEQ_18_p,IT
INET_N_1263,IT
INET_N_191,AL
INET_N_531,AL
INET_N_563,IT
INET_N_1626,IT
INET_N_752,SK
INET_N_1730,SK
INET_N_45,GB
INET_N_1252,GB
INET_N_1130,BY
INET_N_749,BY
INET_N_852,BY
INET_N_1301,BY
INET_N_1818,BY
INET_N_854,GR
INET_N_787,GR
INET_N_1327,EE
INET_N_1123,EE
INET_N_780,TR
INET_N_1435,TR
INET_N_1759,UA
SEQ_210_p,UA
INET_N_407,UA
SEQ_153_p,UA
INET_N_994,UA
INET_N_1760,UA
SEQ_228_p,UA
INET_N_873,UA
SEQ_238_p,UA
INET_N_678,UA
INET_N_223,UA
SEQ_194_p,UA
SEQ_264_p,UA
INET_N_754,UA
INET_N_928,UA
SEQ_201_p,UA
SEQ_271_p,UA
SEQ_273_p,UA
SEQ_276_p,UA
SEQ_211_p,UA
SEQ_279_p,UA
SEQ_215_p,UA
SEQ_283_p,UA
INET_N_1489,UA
INET_N_1162,UA
INET_N_1813,UA
INET_N_1185,UA
INET_N_1688,UA
INET_N_1187,UA
SEQ_328_p,UA
INET_N_1689,UA
SEQ_280_p,UA
SEQ_341_p,UA
INET_N_978,UA
SEQ_344_p,UA
INET_N_401,UA
SEQ_289_p,UA
SEQ_350_p,UA
SEQ_352_p,UA
INET_N_1690,UA
INET_N_884,UA
INET_N_1554,UA
SEQ_400_p,UA
SEQ_403_p,UA
INET_N_1141,UA
INET_N_481,UA
INET_N_1691,UA
INET_N_1049,UA
INET_N_838,UA
INET_N_64,UA
INET_N_139,UA
SEQ_490_p,UA
INET_N_716,UA
SEQ_433_p,UA
INET_N_1757,UA
SEQ_437_p,UA
SEQ_499_p,UA
INET_N_779,UA
SEQ_502_p,UA
SEQ_504_p,UA
SEQ_506_p,UA
INET_N_1597,UA
SEQ_511_p,UA
INET_N_1578,UA
INET_N_125,UA
INET_N_1186,UA
INET_N_748,UA
INET_N_317,UA
INET_N_1588,UA
SEQ_515_p,UA
SEQ_543_p,UA
INET_N_706,UA
INET_N_1249,UA
INET_N_1165,UA
SEQ_568_p,RU
INET_N_1681,UA
INET_N_1682,UA
INET_N_1683,UA
INET_N_1685,UA
INET_N_410,UA
INET_N_963,UA
INET_N_1678,UA
SEQ_631_p,UA
INET_N_1677,UA
INET_N_877,UA
INET_N_1117,UA
N_735_M_LMGN,IT
N_736_M_LMGN,IT
N_1167_S_LMGN,IT
SEQ_5193__L_LMGN,IT
N_160_L_LMGN,IT
N_271_NS_LMGN,
N_281_NS_LMGN,
N_53_NS_LMGN,
N_52_NS_LMGN,
N_39_NS_LMGN,
N_152_NS_LMGN,
N_205_NS_LMGN,NL
N_202_NS_LMGN,NL
N_299_NS_LMGN,NL
N_772_M_LMGN,ES
SEQ_705_p,ES
N_806_M_LMGN,ES
N_645_M_LMGN,ES
SEQ_6985__M_LMGN,ES
SEQ_6989__M_LMGN,ES
SEQ_713_p,ES
SEQ_6997__M_LMGN,ES
SEQ_7001__M_LMGN,ES
N_537_M_LMGN,ES
INET_N_611,BE
N_269_L_LMGN,BE
SEQ_7939__L_LMGN,BE
SEQ_7943__L_LMGN,BE
N_285_L_LMGN,BE
N_190_L_LMGN,GB
SEQ_725_p,GB
N_267_L_LMGN,GB
SEQ_7947__L_LMGN,GB
N_288_L_LMGN,ES
N_42_L_LMGN,ES
SEQ_1609__M_LMGN,ES
N_155_M_LMGN,ES
N_1631_S_LMGN,FR
N_1632_S_LMGN,FR
N_2193_S_LMGN,FR
N_2192_S_LMGN,FR
SEQ_6595__L_LMGN,FR
N_239_L_LMGN,FR
SEQ_10293__M_LMGN,NL
N_1757_S_LMGN,NL
SEQ_10865__M_LMGN,NL
SEQ_10867__M_LMGN,NL
SEQ_10079__M_LMGN,IT
N_816_M_LMGN,IT
N_553_M_LMGN,IT
SEQ_13823__S_LMGN,IT
N_822_M_LMGN,IT
N_1848_S_LMGN,IT
SEQ_13927__S_LMGN,IT
N_555_M_LMGN,IT
N_81_L_LMGN,PL
SEQ_7665__L_LMGN,PL
SEQ_7667__L_LMGN,PL
N_417_S_LMGN,PL
N_149_L_LMGN,FR
N_234_L_LMGN,FR
SEQ_3237__L_LMGN,FR
SEQ_3231__L_LMGN,FR
SEQ_3227__L_LMGN,FR
N_2035_S_LMGN,FR
SEQ_19141__S_LMGN,FR
N_45_L_LMGN,FR
SEQ_5097__L_LMGN,FR
N_2106_S_LMGN,IT
N_2107_S_LMGN,IT
SEQ_5149__L_LMGN,IT
SEQ_5153__L_LMGN,IT
SEQ_5165__L_LMGN,IT
N_64_L_LMGN,IT
SEQ_1435__L_LMGN,IT
SEQ_1441__L_LMGN,IT
N_1833_S_LMGN,HR
N_1480_S_LMGN,HR
N_1481_S_LMGN,HR
N_1248_S_LMGN,HR
SEQ_5753__L_LMGN,SK
SEQ_5369__S_LMGN,SK
N_211_L_LMGN,SK
SEQ_5295__L_LMGN,CZ
SEQ_10405__S_LMGN,CZ
SEQ_10633__M_LMGN,SI
SEQ_816_p,SI
SEQ_10643__M_LMGN,SI
SEQ_10647__M_LMGN,SI
N_910_M_LMGN,SI
SEQ_929__L_LMGN,SI
N_1236_S_LMGN,SI
N_958_S_LMGN,HR
N_1834_S_LMGN,HR
SEQ_6715__M_LMGN,HU
SEQ_21469__S_LMGN,HU
N_620_M_LMGN,HU
SEQ_6673__M_LMGN,HU
SEQ_6993__S_LMGN,HU
SEQ_12931__S_LMGN,NL
SEQ_707__L_LMGN,NL
N_30_M_LMGN,ES
N_564_M_LMGN,ES
N_74_M_LMGN,ES
SEQ_860_p,ES
SEQ_653__M_LMGN,ES
SEQ_867_p,SK
SEQ_871_p,SK
SEQ_5789__L_LMGN,SK
SEQ_5243__M_LMGN,HU
N_489_M_LMGN,HU
SEQ_9721__M_LMGN,HU
SEQ_9741__M_LMGN,HU
N_1146_S_LMGN,ES
SEQ_8237__S_LMGN,ES
SEQ_8829__M_LMGN,ES
SEQ_889_p,ES
SEQ_10731__M_LMGN,IT
SEQ_10735__M_LMGN,IT
N_2059_S_LMGN,PL
N_2060_S_LMGN,PL
SEQ_4795__L_LMGN,ES
SEQ_4815__L_LMGN,ES
SEQ_4791__L_LMGN,ES
SEQ_2175__L_LMGN,IT
N_46_L_LMGN,IT
N_101_L_LMGN,IT
SEQ_3753__L_LMGN,IT
SEQ_3747__L_LMGN,IT
SEQ_7989__M_LMGN,NL
N_717_M_LMGN,NL
SEQ_689__L_LMGN,NL
N_61_L_LMGN,FR
SEQ_3717__L_LMGN,FR
N_163_L_LMGN,FR
SEQ_3245__L_LMGN,FR
N_98_L_LMGN,FR
SEQ_2157__L_LMGN,FR
SEQ_8237__M_LMGN,FR
SEQ_10433__M_LMGN,ES
SEQ_928_p,ES
N_803_M_LMGN,ES
SEQ_9209__M_LMGN,ES
SEQ_9997__M_LMGN,FR
N_811_M_LMGN,FR
SEQ_9977__M_LMGN,FR
SEQ_9973__M_LMGN,FR
SEQ_9971__M_LMGN,FR
SEQ_9967__M_LMGN,FR
SEQ_9963__M_LMGN,FR
SEQ_9959__M_LMGN,FR
SEQ_9955__M_LMGN,FR
N_867_M_LMGN,FR
SEQ_6895__L_LMGN,UA
SEQ_2651__S_LMGN,UA
N_391_S_LMGN,UA
INET_N_1480,IT
SEQ_8163__M_LMGN,IT
N_738_M_LMGN,IT
SEQ_8159__M_LMGN,IT
SEQ_7701__L_LMGN,PL
SEQ_7711__L_LMGN,PL
SEQ_7031__S_LMGN,PL
SEQ_7687__L_LMGN,PL
SEQ_7681__L_LMGN,PL
SEQ_7677__L_LMGN,PL
SEQ_7675__L_LMGN,PL
N_541_M_LMGN,FR
SEQ_9815__M_LMGN,FR
N_539_M_LMGN,FR
SEQ_7053__M_LMGN,FR
SEQ_4067__M_LMGN,RS
INET_N_149,RS
SEQ_4061__M_LMGN,RS
SEQ_4059__M_LMGN,RS
SEQ_4053__M_LMGN,RS
N_393_M_LMGN,RS
SEQ_1447__L_LMGN,IT
SEQ_993_p,IT
N_791_S_LMGN,NL
SEQ_996_p,NL
SEQ_8377__L_LMGN,NL
SEQ_4825__L_LMGN,ES
SEQ_7141__M_LMGN,ES
N_891_S_LMGN,ES
N_165_L_LMGN,IT
SEQ_3773__L_LMGN,IT
SEQ_6881__L_LMGN,AT
N_1242_S_LMGN,AT
N_1554_S_LMGN,AT
SEQ_1018_p,AT
SEQ_18117__S_LMGN,AT
N_2356_S_LMGN,AT
SEQ_4119__S_LMGN,NL
N_731_M_LMGN,NL
SEQ_4131__S_LMGN,NL
SEQ_5823__M_LMGN,NL
N_320_NS_LMGN,NL
N_483_M_LMGN,SE
N_484_M_LMGN,SE
N_1488_S_LMGN,IT
N_2104_S_LMGN,IT
N_1486_S_LMGN,IT
N_757_M_LMGN,EE
N_754_M_LMGN,EE
N_458_M_LMGN,EE
SEQ_1299__S_LMGN,EE
N_409_S_LMGN,PL
SEQ_9149__S_LMGN,PL
SEQ_9139__S_LMGN,PL
SEQ_9127__S_LMGN,PL
N_1253_S_LMGN,PL
N_1755_S_LMGN,NL
N_563_M_LMGN,ES
SEQ_10425__M_LMGN,ES
N_823_M_LMGN,IT
N_897_M_LMGN,IT
N_2305_S_LMGN,HR
N_908_S_LMGN,HR
N_398_M_LMGN,RO
SEQ_6613__M_LMGN,RO
SEQ_6615__M_LMGN,RO
SEQ_10629__M_LMGN,IT
N_79_S_LMGN,NL
N_602_M_LMGN,NL
SEQ_10253__M_LMGN,NL
N_774_M_LMGN,NL
N_2493_S_LMGN,NL
SEQ_719__L_LMGN,NL
N_1609_S_LMGN,NL
SEQ_7731__M_LMGN,PL
N_688_M_LMGN,PL
SEQ_7723__M_LMGN,PL
SEQ_7715__M_LMGN,PL
N_249_L_LMGN,BE
N_193_L_LMGN,BE
SEQ_4351__L_LMGN,BE
SEQ_715__L_LMGN,NL
N_2320_S_LMGN,FR
N_2321_S_LMGN,FR
N_1699_S_LMGN,FR
SEQ_12551__S_LMGN,FR
N_2511_S_LMGN,FR
SEQ_7747__L_LMGN,PL
SEQ_7749__L_LMGN,PL
SEQ_7743__L_LMGN,PL
SEQ_7739__L_LMGN,PL
SEQ_7733__L_LMGN,PL
SEQ_7731__L_LMGN,PL
SEQ_7727__L_LMGN,PL
SEQ_7725__L_LMGN,PL
SEQ_7723__L_LMGN,PL
N_1541_S_LMGN,PL
N_299_M_LMGN,IE
SEQ_1116_p,IE
N_523_M_LMGN,IE
N_632_M_LMGN,IE
SEQ_9075__M_LMGN,IE
N_168_L_LMGN,UA
SEQ_2837__L_LMGN,UA
SEQ_2829__L_LMGN,UA
N_126_L_LMGN,UA
SEQ_8387__L_LMGN,NL
N_730_M_LMGN,NL
SEQ_8005__L_LMGN,FR
SEQ_14979__S_LMGN,FR
SEQ_7999__L_LMGN,FR
N_117_L_LMGN,FR
SEQ_2597__L_LMGN,FR
N_30_L_LMGN,IT
SEQ_6203__L_LMGN,IT
N_1825_S_LMGN,IT
SEQ_1171_p,IT
N_1164_S_LMGN,IT
N_1165_S_LMGN,IT
N_551_M_LMGN,IT
SEQ_6581__M_LMGN,IT
N_115_L_LMGN,IT
N_113_L_LMGN,IT
SEQ_16101__S_LMGN,IT
SEQ_9695__M_LMGN,PL
SEQ_9693__M_LMGN,PL
SEQ_9691__M_LMGN,PL
SEQ_9683__M_LMGN,PL
SEQ_9671__M_LMGN,PL
N_504_S_LMGN,ES
N_327_S_LMGN,ES
N_921_M_LMGN,FR
SEQ_10787__M_LMGN,FR
N_855_S_LMGN,FR
N_2267_S_LMGN,FR
SEQ_2135__L_LMGN,GB
N_92_L_LMGN,GB
SEQ_2123__L_LMGN,GB
N_41_L_LMGN,GB
SEQ_4283__L_LMGN,GB
SEQ_1226_p,GB
SEQ_1228_p,GB
SEQ_4295__L_LMGN,GB
N_95_L_LMGN,GB
SEQ_8121__M_LMGN,ES
INET_N_1822,ES
N_154_M_LMGN,ES
N_78_M_LMGN,ES
N_76_M_LMGN,ES
SEQ_7123__M_LMGN,ES
SEQ_2557__L_LMGN,IT
N_114_L_LMGN,IT
SEQ_5383__M_LMGN,MD
N_183_M_LMGN,MD
N_67_M_LMGN,TR
N_317_M_LMGN,TR
SEQ_17843__S_LMGN,FR
N_2120_S_LMGN,FR
SEQ_1291_p,FR
SEQ_2593__L_LMGN,FR
N_446_S_LMGN,RO
N_208_S_LMGN,RO
N_445_S_LMGN,RO
SEQ_7445__S_LMGN,RO
SEQ_6681__L_LMGN,IT
SEQ_6683__L_LMGN,IT
SEQ_5079__L_LMGN,IT
SEQ_5077__L_LMGN,IT
N_208_L_LMGN,IT
N_1171_S_LMGN,IT
N_1484_S_LMGN,IT
SEQ_6595__M_LMGN,IT
SEQ_6599__M_LMGN,IT
N_1555_S_LMGN,CZ
N_1556_S_LMGN,CZ
N_1788_S_LMGN,CZ
SEQ_3675__L_LMGN,CZ
SEQ_3671__L_LMGN,CZ
SEQ_1565__M_LMGN,ES
N_153_M_LMGN,ES
SEQ_2091__M_LMGN,ES
SEQ_15887__S_LMGN,ES
SEQ_4097__M_LMGN,HU
SEQ_4101__M_LMGN,HU
N_397_M_LMGN,HU
N_1288_S_LMGN,BE
SEQ_7927__L_LMGN,BE
N_283_L_LMGN,BE
SEQ_7759__L_LMGN,PL
SEQ_1261__M_LMGN,PL
SEQ_1263__M_LMGN,PL
SEQ_1265__M_LMGN,PL
SEQ_1374_p,ES
N_802_M_LMGN,ES
N_726_M_LMGN,ES
SEQ_8085__M_LMGN,ES
SEQ_8081__M_LMGN,ES
SEQ_8071__M_LMGN,FR
SEQ_8075__M_LMGN,FR
SEQ_8069__M_LMGN,FR
SEQ_8065__M_LMGN,FR
SEQ_8057__M_LMGN,FR
N_654_M_LMGN,FR
SEQ_4585__M_LMGN,FR
SEQ_4577__M_LMGN,FR
SEQ_4573__M_LMGN,FR
SEQ_19991__S_LMGN,FR
N_2553_S_LMGN,FR
N_2438_S_LMGN,FR
SEQ_2153__L_LMGN,FR
N_97_L_LMGN,FR
SEQ_3271__L_LMGN,FR
N_184_L_LMGN,GB
N_94_L_LMGN,GB
SEQ_1402_p,GB
SEQ_1403_p,GB
SEQ_1404_p,GB
SEQ_2109__L_LMGN,GB
SEQ_4389__L_LMGN,FR
SEQ_4395__L_LMGN,FR
N_151_L_LMGN,FR
SEQ_5953__L_LMGN,FR
SEQ_5951__L_LMGN,FR
SEQ_5947__L_LMGN,FR
N_238_L_LMGN,FR
SEQ_5963__L_LMGN,FR
N_624_S_LMGN,FR
N_689_M_LMGN,PL
N_690_M_LMGN,PL
N_840_M_LMGN,PL
SEQ_9603__M_LMGN,PL
SEQ_9601__M_LMGN,PL
N_1783_S_LMGN,PL
N_1780_S_LMGN,PL
SEQ_19887__S_LMGN,PL
N_75_L_LMGN,TR
SEQ_2507__S_LMGN,TR
N_209_M_LMGN,TR
SEQ_9907__M_LMGN,TR
SEQ_1448_p,ES
N_868_M_LMGN,ES
SEQ_1450_p,ES
SEQ_9199__M_LMGN,ES
SEQ_9201__M_LMGN,ES
SEQ_2097__L_LMGN,GB
N_93_L_LMGN,GB
SEQ_1462_p,GB
SEQ_1463_p,GB
SEQ_1464_p,GB
SEQ_5511__M_LMGN,GB
N_515_M_LMGN,GB
SEQ_6439__L_LMGN,UA
SEQ_6455__L_LMGN,UA
N_279_S_LMGN,FI
N_280_S_LMGN,FI
N_680_M_LMGN,FI
SEQ_7635__M_LMGN,FI
SEQ_1487_p,FI
N_120_M_LMGN,FI
SEQ_7865__M_LMGN,RS
SEQ_7869__M_LMGN,RS
N_1653_S_LMGN,RS
SEQ_2637__L_LMGN,IT
N_2471_S_LMGN,IT
SEQ_2625__L_LMGN,IT
SEQ_1499_p,IT
SEQ_2617__L_LMGN,IT
N_1838_S_LMGN,IT
SEQ_13729__S_LMGN,IT
N_288_M_LMGN,IT
N_1120_S_LMGN,SE
N_412_S_LMGN,SE
N_614_M_LMGN,PL
N_395_M_LMGN,PL
SEQ_7905__M_LMGN,PL
SEQ_7897__M_LMGN,PL
N_331_S_LMGN,ES
SEQ_3405__S_LMGN,ES
SEQ_1532_p,GB
SEQ_2067__L_LMGN,GB
N_513_M_LMGN,GB
N_739_S_LMGN,HR
N_2158_S_LMGN,HR
N_738_S_LMGN,HR
N_2100_S_LMGN,HR
N_1013_S_LMGN,BE
N_1014_S_LMGN,BE
N_1015_S_LMGN,BE
N_1619_S_LMGN,BE
SEQ_12095__S_LMGN,BE
N_1283_S_LMGN,BE
SEQ_12173__S_LMGN,BE
SEQ_5775__M_LMGN,ES
SEQ_1561_p,ES
SEQ_5787__M_LMGN,ES
N_334_M_LMGN,ES
N_335_M_LMGN,ES
N_1974_S_LMGN,BG
N_1975_S_LMGN,BG
N_324_M_LMGN,BG
N_263_L_LMGN,BG
INET_N_1568,BG
SEQ_1574_p,BG
SEQ_2533__L_LMGN,TR
N_110_L_LMGN,TR
SEQ_8183__L_LMGN,TR
SEQ_45__M_LMGN,TR
SEQ_41__M_LMGN,TR
N_4_M_LMGN,TR
SEQ_1717__L_LMGN,PL
SEQ_1709__L_LMGN,PL
SEQ_1703__L_LMGN,PL
SEQ_1699__L_LMGN,PL
SEQ_10061__M_LMGN,FR
SEQ_7905__S_LMGN,FR
N_1085_S_LMGN,FR
N_235_L_LMGN,GB
N_271_L_LMGN,GB
N_189_L_LMGN,GB
SEQ_4269__L_LMGN,GB
N_278_NS_LMGN,GB
N_279_NS_LMGN,GB
N_187_NS_LMGN,
N_2_NS_LMGN,BE
N_10_NS_LMGN,BE
N_11_NS_LMGN,BE
SEQ_2703__L_LMGN,IT
SEQ_2695__L_LMGN,IT
SEQ_2677__L_LMGN,IT
N_665_S_LMGN,ES
SEQ_211__L_LMGN,GB
N_5_L_LMGN,GB
N_4_L_LMGN,GB
SEQ_2953__M_LMGN,IE
N_142_M_LMGN,IE
SEQ_4329__M_LMGN,IE
N_300_M_LMGN,IE
SEQ_1658_p,IE
SEQ_2963__M_LMGN,IE
SEQ_4931__M_LMGN,LT
N_461_M_LMGN,LT
SEQ_1665_p,LT
N_193_M_LMGN,LT
SEQ_2653__L_LMGN,IT
SEQ_2661__L_LMGN,IT
SEQ_1674_p,IT
SEQ_2675__L_LMGN,IT
N_1948_S_LMGN,NL
SEQ_857__L_LMGN,ES
SEQ_865__L_LMGN,ES
SEQ_5911__L_LMGN,BY
N_998_S_LMGN,BY
N_76_L_LMGN,BY
SEQ_1649__L_LMGN,BY
SEQ_1651__L_LMGN,BY
N_10_L_LMGN,BY
SEQ_3791__L_LMGN,BY
SEQ_3793__L_LMGN,BY
N_1604_S_LMGN,BY
N_2179_S_LMGN,BY
SEQ_2577__L_LMGN,FR
SEQ_2575__L_LMGN,FR
SEQ_8017__M_LMGN,GB
SEQ_1712_p,GB
SEQ_7331__L_LMGN,BG
SEQ_7345__L_LMGN,BG
N_28_L_LMGN,NL
SEQ_8093__L_LMGN,NL
SEQ_1467__L_LMGN,IT
N_859_M_LMGN,GR
SEQ_1738_p,GR
SEQ_1739_p,GR
INET_N_1043,GR
SEQ_171__M_LMGN,GR
SEQ_175__M_LMGN,GR
SEQ_183__M_LMGN,GR
SEQ_201__M_LMGN,GR
N_543_M_LMGN,NL
INET_N_1620,IT
N_777_M_LMGN,IT
SEQ_8955__M_LMGN,IT
N_825_M_LMGN,IT
N_1479_S_LMGN,IT
SEQ_16009__S_LMGN,IT
N_1828_S_LMGN,IT
SEQ_5213__L_LMGN,IT
N_285_S_LMGN,LT
N_286_S_LMGN,LT
SEQ_2641__L_LMGN,IT
SEQ_2649__L_LMGN,IT
SEQ_3327__M_LMGN,FR
SEQ_3323__M_LMGN,FR
N_341_M_LMGN,FR
SEQ_4533__M_LMGN,FR
SEQ_4545__M_LMGN,FR
SEQ_4555__M_LMGN,FR
SEQ_21015__S_LMGN,FR
N_2616_S_LMGN,FR
N_256_L_LMGN,PL
SEQ_6807__L_LMGN,PL
SEQ_1808_p,PL
SEQ_6791__L_LMGN,PL
INET_N_1087,PL
N_1626_S_LMGN,FR
N_1692_S_LMGN,FR
N_1985_S_LMGN,FR
SEQ_6559__L_LMGN,FR
N_1986_S_LMGN,FR
N_1988_S_LMGN,FR
N_290_L_LMGN,BE
SEQ_7823__M_LMGN,BE
N_794_S_LMGN,BE
N_224_S_LMGN,DK
SEQ_1832_p,DK
N_74_S_LMGN,DK
SEQ_10459__M_LMGN,ES
N_319_M_LMGN,TR
N_526_M_LMGN,TR
N_323_M_LMGN,TR
N_525_M_LMGN,TR
N_635_M_LMGN,TR
N_20_M_LMGN,TR
N_638_M_LMGN,TR
N_211_M_LMGN,TR
N_206_M_LMGN,TR
N_24_M_LMGN,TR
SEQ_8895__M_LMGN,NL
N_775_M_LMGN,NL
SEQ_8105__M_LMGN,ES
SEQ_5115__L_LMGN,CH
SEQ_5129__L_LMGN,CH
N_909_M_LMGN,IT
SEQ_1133__M_LMGN,FI
N_188_S_LMGN,FI
N_96_L_LMGN,GB
N_191_L_LMGN,GB
SEQ_2651__L_LMGN,IT
N_1759_S_LMGN,NL
N_624_L_LMGN,IT
SEQ_1908_p,EE
N_197_S_LMGN,EE
N_565_S_LMGN,LT
N_566_S_LMGN,LT
N_459_M_LMGN,LT
SEQ_5901__M_LMGN,ES
SEQ_5219__L_LMGN,IT
SEQ_229__M_LMGN,GR
SEQ_1929_p,GR
INET_N_1632,GR
SEQ_10869__M_LMGN,NL
N_522_M_LMGN,NL
SEQ_5571__M_LMGN,NL
N_170_L_LMGN,UA
SEQ_9273__M_LMGN,IT
SEQ_1946_p,IT
N_2108_S_LMGN,IT
SEQ_17879__S_LMGN,IT
N_1505_S_LMGN,IT
SEQ_3167__L_LMGN,GB
SEQ_5415__M_LMGN,GB
N_59_L_LMGN,GB
N_1302_S_LMGN,FR
N_1169_S_LMGN,IT
N_12_S_LMGN,GR
N_13_S_LMGN,GR
N_38_S_LMGN,GR
SEQ_8171__M_LMGN,CH
SEQ_8173__M_LMGN,FR
SEQ_8179__M_LMGN,FR
N_2608_S_LMGN,FR
SEQ_1293__M_LMGN,PL
N_116_G_LMGN,PL
N_212_L_LMGN,AT
SEQ_1986_p,AT
SEQ_6963__M_LMGN,ES
N_658_M_LMGN,IT
SEQ_11067__M_LMGN,IT
SEQ_1527__L_LMGN,IT
SEQ_1525__L_LMGN,IT
SEQ_1998_p,IT
SEQ_3713__L_LMGN,FR
SEQ_3707__L_LMGN,FR
N_2239_S_LMGN,FR
N_754_S_LMGN,CZ
SEQ_11659__S_LMGN,CZ
INET_N_970,CZ
SEQ_7797__M_LMGN,BE
SEQ_5205__L_LMGN,IT
SEQ_5207__L_LMGN,IT
SEQ_2017_p,IT
SEQ_17987__S_LMGN,IT
N_2339_S_LMGN,IT
N_2338_S_LMGN,IT
N_1218_S_LMGN,IT
SEQ_2025_p,LT
SEQ_5839__M_LMGN,IT
N_2495_S_LMGN,FR
N_1981_S_LMGN,FR
SEQ_15171__S_LMGN,FR
SEQ_6015__L_LMGN,FR
SEQ_8873__M_LMGN,NL
SEQ_709__L_LMGN,NL
SEQ_10285__M_LMGN,NL
Stor_EU_41,IT
N_2565_S_LMGN,CH
N_2460_S_LMGN,CH
N_963_S_LMGN,IT
SEQ_8905__M_LMGN,IT
N_913_S_LMGN,IT
N_1590_S_LMGN,HU
N_2583_S_LMGN,HU
SEQ_4163__M_LMGN,UA
SEQ_5829__L_LMGN,UA
INET_N_1714,UA
N_627_M_LMGN,IE
N_628_M_LMGN,IE
N_626_M_LMGN,IE
N_834_S_LMGN,IE
SEQ_9065__M_LMGN,GB
N_311_M_LMGN,GB
N_145_L_LMGN,FR
SEQ_3189__L_LMGN,FR
N_146_L_LMGN,FR
SEQ_4207__L_LMGN,FR
SEQ_4209__L_LMGN,FR
SEQ_4211__L_LMGN,FR
SEQ_4215__L_LMGN,FR
SEQ_4219__L_LMGN,FR
SEQ_4223__L_LMGN,FR
N_56_L_LMGN,FR
SEQ_1301__L_LMGN,FR
SEQ_9995__M_LMGN,FR
SEQ_2103_p,UA
N_133_M_LMGN,UA
N_312_M_LMGN,UA
SEQ_5601__M_LMGN,UA
SEQ_5597__M_LMGN,UA
N_524_M_LMGN,UA
N_707_S_LMGN,TR
SEQ_5115__S_LMGN,TR
SEQ_7829__L_LMGN,TR
SEQ_7825__L_LMGN,TR
SEQ_7821__L_LMGN,TR
SEQ_7799__L_LMGN,TR
SEQ_7781__L_LMGN,TR
N_262_L_LMGN,TR
SEQ_6955__L_LMGN,TR
N_261_L_LMGN,TR
SEQ_999__M_LMGN,TR
SEQ_1011__M_LMGN,TR
SEQ_1019__M_LMGN,TR
N_112_M_LMGN,TR
N_69_M_LMGN,TR
SEQ_615__M_LMGN,TR
N_68_M_LMGN,TR
SEQ_1365__L_LMGN,FR
SEQ_2169_p,FR
SEQ_7017__M_LMGN,FR
SEQ_10009__M_LMGN,FR
SEQ_10017__M_LMGN,FR
SEQ_10021__M_LMGN,FR
SEQ_6635__L_LMGN,FR
N_197_L_LMGN,FR
SEQ_6633__L_LMGN,FR
SEQ_6625__L_LMGN,FR
SEQ_6621__L_LMGN,FR
SEQ_6615__L_LMGN,FR
SEQ_6613__L_LMGN,FR
SEQ_6609__L_LMGN,FR
SEQ_4455__M_LMGN,TR
N_250_M_LMGN,TR
N_118_L_LMGN,FR
N_1348_S_LMGN,FR
N_2238_S_LMGN,FR
N_2237_S_LMGN,FR
N_80_L_LMGN,PL
SEQ_5901__L_LMGN,PL
N_141_L_LMGN,BY
SEQ_5887__L_LMGN,BY
SEQ_5925__L_LMGN,BY
SEQ_5193__M_LMGN,BY
SEQ_6709__L_LMGN,BY
SEQ_6781__L_LMGN,PL
SEQ_4139__M_LMGN,RO
N_399_M_LMGN,RO
N_138_L_LMGN,UA
N_233_L_LMGN,UA
N_232_L_LMGN,UA
N_400_M_LMGN,UA
N_2157_S_LMGN,HR
N_2579_S_LMGN,HR
SEQ_1305__M_LMGN,HU
SEQ_1311__M_LMGN,HU
N_671_S_LMGN,PT
SEQ_3365__M_LMGN,PT
SEQ_3353__M_LMGN,PT
SEQ_2351_p,PT
SEQ_3349__M_LMGN,PT
SEQ_3341__M_LMGN,PT
N_343_M_LMGN,PT
N_1160_S_LMGN,PT
SEQ_233__L_LMGN,IT
INET_N_245,IT
SEQ_5075__S_LMGN,TR
N_702_S_LMGN,TR
SEQ_5053__S_LMGN,TR
N_36_L_LMGN,TR
SEQ_1613__L_LMGN,TR
SEQ_1609__L_LMGN,TR
SEQ_1607__L_LMGN,TR
SEQ_1605__L_LMGN,TR
SEQ_1597__L_LMGN,TR
N_559_S_LMGN,HU
SEQ_3901__S_LMGN,HU
N_2689_M_LMGN,HU
N_1615_S_LMGN,FR
N_2074_S_LMGN,FR
SEQ_12081__S_LMGN,FR
SEQ_4197__L_LMGN,FR
N_186_L_LMGN,FR
SEQ_1317__L_LMGN,FR
SEQ_1315__L_LMGN,FR
SEQ_1311__L_LMGN,FR
N_2246_S_LMGN,ES
N_2247_S_LMGN,ES
N_147_L_LMGN,FR
N_2257_S_LMGN,FR
SEQ_6599__L_LMGN,FR
SEQ_3383__L_LMGN,IT
SEQ_3395__L_LMGN,IT
SEQ_3381__L_LMGN,IT
SEQ_3377__L_LMGN,IT
N_100_L_LMGN,IT
SEQ_2436_p,IT
SEQ_2163__L_LMGN,IT
N_2138_S_LMGN,IT
N_1883_S_LMGN,IT
SEQ_2444_p,IT
N_1516_S_LMGN,IT
N_1513_S_LMGN,IT
SEQ_3255__L_LMGN,FR
SEQ_3257__L_LMGN,FR
SEQ_3261__L_LMGN,FR
N_2249_S_LMGN,FR
N_2389_S_LMGN,FR
N_2250_S_LMGN,FR
N_2251_S_LMGN,FR
N_1732_S_LMGN,FR
N_131_L_LMGN,RU
SEQ_6797__M_LMGN,RU
GSE_N_130,IT
SEQ_2476_p,IT
SEQ_8811__S_LMGN,IT
N_393_S_LMGN,UA
N_711_S_LMGN,UA
N_175_L_LMGN,UA
SEQ_3053__M_LMGN,GB
SEQ_3051__M_LMGN,GB
INET_N_339,GB
SEQ_1547__L_LMGN,IT
N_2337_S_LMGN,IT
N_2474_S_LMGN,IT
N_1525_S_LMGN,IT
N_1521_S_LMGN,IT
SEQ_2510_p,IT
N_1522_S_LMGN,IT
SEQ_5267__L_LMGN,FR
SEQ_5273__L_LMGN,FR
SEQ_5285__L_LMGN,FR
N_797_M_LMGN,GR
N_798_M_LMGN,GR
SEQ_6233__L_LMGN,AT
SEQ_2532_p,AT
N_48_L_LMGN,AT
N_194_L_LMGN,FR
SEQ_4361__L_LMGN,FR
SEQ_4363__L_LMGN,FR
N_195_L_LMGN,FR
N_1724_S_LMGN,FR
SEQ_7085__M_LMGN,FR
N_590_M_LMGN,LT
N_993_S_LMGN,LT
N_59_M_LMGN,LT
N_579_S_LMGN,LT
N_161_L_LMGN,CZ
SEQ_2556_p,CZ
N_513_S_LMGN,IT
SEQ_16057__S_LMGN,IT
N_1123_S_LMGN,BE
N_1291_S_LMGN,BE
N_1292_S_LMGN,BE
SEQ_2577_p,FR
N_2189_S_LMGN,FR
SEQ_8566_p,IT
N_285_M_LMGN,IT
N_624_M_LMGN,SE
N_623_M_LMGN,SE
SEQ_5935__L_LMGN,GB
N_869_S_LMGN,ES
SEQ_9353_p,FR
SEQ_4169__L_LMGN,GB
SEQ_4363__M_LMGN,GB
N_121_L_LMGN,UA
SEQ_5999__L_LMGN,FR
SEQ_2607_p,FR
N_198_L_LMGN,FR
SEQ_6227__L_LMGN,AT
SEQ_2612_p,AT
SEQ_10681__S_LMGN,ES
N_1446_S_LMGN,ES
SEQ_2620_p,BG
SEQ_3153__M_LMGN,BG
SEQ_6989__L_LMGN,BG
N_713_S_LMGN,BG
N_171_L_LMGN,UA
N_125_L_LMGN,UA
N_270_M_LMGN,LV
Stor_EU_3,LV
N_877_M_LMGN,LV
SEQ_4379__L_LMGN,FR
SEQ_2643_p,NL
SEQ_5449__M_LMGN,IE
SEQ_2649_p,FI
N_275_L_LMGN,GB
N_862_S_LMGN,NL
SEQ_1291__L_LMGN,FR
N_812_M_LMGN,FR
SEQ_20333__S_LMGN,CZ
N_1573_S_LMGN,CZ
SEQ_2707__L_LMGN,IT
SEQ_6855__L_LMGN,AT
SEQ_5533__L_LMGN,TR
SEQ_5531__L_LMGN,TR
SEQ_5523__L_LMGN,TR
SEQ_7771__L_LMGN,TR
N_222_L_LMGN,TR
SEQ_1217__L_LMGN,BY
SEQ_1229__L_LMGN,BY
SEQ_1211__L_LMGN,BY
N_52_L_LMGN,UA
N_78_L_LMGN,UA
N_180_L_LMGN,UA
N_247_L_LMGN,UA
N_276_L_LMGN,FR
SEQ_7483__L_LMGN,FR
SEQ_7487__L_LMGN,FR
N_2357_S_LMGN,RS
SEQ_7__M_LMGN,TR
SEQ_17__M_LMGN,TR
N_1_M_LMGN,TR
SEQ_1381__L_LMGN,FR
SEQ_1387__L_LMGN,FR
N_1366_S_LMGN,FR
N_1352_S_LMGN,FR
N_1353_S_LMGN,FR
N_1354_S_LMGN,FR
N_1993_S_LMGN,FR
SEQ_3993__L_LMGN,TR
SEQ_4001__L_LMGN,TR
SEQ_4005__L_LMGN,TR
SEQ_4013__L_LMGN,TR
SEQ_2763_p,TR
SEQ_4031__L_LMGN,TR
SEQ_4039__L_LMGN,TR
N_176_L_LMGN,TR
SEQ_5481__L_LMGN,TR
SEQ_5485__L_LMGN,TR
N_221_L_LMGN,TR
SEQ_8217__L_LMGN,TR
SEQ_1063__S_LMGN,TR
SEQ_3245__M_LMGN,BG
SEQ_3255__M_LMGN,BG
SEQ_3239__M_LMGN,BG
SEQ_3233__M_LMGN,BG
SEQ_3227__M_LMGN,BG
N_531_S_LMGN,IT
N_530_S_LMGN,IT
SEQ_1361__L_LMGN,FR
N_60_L_LMGN,FR
SEQ_3193__L_LMGN,FR
SEQ_2805_p,FR
SEQ_7497__L_LMGN,FR
SEQ_7493__L_LMGN,FR
SEQ_2811_p,FR
SEQ_717__M_LMGN,PT
N_86_S_LMGN,PT
N_79_M_LMGN,PT
SEQ_703__M_LMGN,PT
SEQ_10029__M_LMGN,FR
SEQ_2825_p,FR
N_1717_S_LMGN,FR
N_299_S_LMGN,NL
N_321_NS_LMGN,NL
N_188_L_LMGN,GB
SEQ_2833_p,GB
N_143_L_LMGN,GB
N_1804_S_LMGN,ES
SEQ_2845_p,ES
SEQ_18443__S_LMGN,ES
SEQ_5971__L_LMGN,FR
SEQ_5979__L_LMGN,FR
SEQ_5987__L_LMGN,FR
SEQ_10703__M_LMGN,FR
N_2472_S_LMGN,IT
N_2336_S_LMGN,IT
SEQ_20137__S_LMGN,IT
SEQ_21355__S_LMGN,RS
Stor_EU_11,RS
SEQ_6733__M_LMGN,RS
N_502_M_LMGN,RS
N_2303_S_LMGN,IT
N_1186_S_LMGN,IT
N_2097_S_LMGN,IT
N_253_L_LMGN,FR
N_287_L_LMGN,FR
SEQ_6535__L_LMGN,FR
N_2182_S_LMGN,FR
SEQ_2880_p,FR
N_2184_S_LMGN,FR
SEQ_15277__S_LMGN,FR
N_2001_S_LMGN,FR
N_2002_S_LMGN,FR
SEQ_4367__L_LMGN,FR
N_292_S_LMGN,EE
N_294_S_LMGN,EE
N_426_S_LMGN,EE
N_184_S_LMGN,LV
N_460_M_LMGN,LV
N_420_S_LMGN,LV
SEQ_2909_p,LV
N_960_S_LMGN,AT
SEQ_3663__L_LMGN,CZ
N_2047_S_LMGN,CZ
SEQ_1371__L_LMGN,FR
SEQ_1375__L_LMGN,FR
SEQ_2932_p,FR
SEQ_757__L_LMGN,GB
N_113_NS_LMGN,GB
N_33_L_LMGN,GB
SEQ_2947_p,GB
N_35_L_LMGN,GB
N_218_L_LMGN,UA
N_55_M_LMGN,UA
N_56_M_LMGN,UA
SEQ_589__M_LMGN,UA
SEQ_5845__L_LMGN,UA
SEQ_5843__L_LMGN,UA
SEQ_6409__M_LMGN,LT
SEQ_3261__M_LMGN,BG
SEQ_3267__M_LMGN,BG
N_2398_S_LMGN,FR
N_733_M_LMGN,FR
SEQ_2980_p,FR
SEQ_10825__M_LMGN,FR
SEQ_10417__S_LMGN,CZ
N_1420_S_LMGN,CZ
SEQ_3975__L_LMGN,UA
SEQ_3965__L_LMGN,UA
SEQ_3953__L_LMGN,UA
Prod_3,UA
SEQ_6833__L_LMGN,PL
SEQ_867__L_LMGN,ES
SEQ_8235__L_LMGN,GB
N_274_L_LMGN,GB
SEQ_7459__L_LMGN,GB
SEQ_3018_p,GB
N_273_L_LMGN,GB
SEQ_7423__L_LMGN,GB
N_1497_S_LMGN,IT
SEQ_1315__M_LMGN,HU
N_131_M_LMGN,HU
SEQ_5303__M_LMGN,HU
N_498_M_LMGN,HU
SEQ_5309__L_LMGN,SK
SEQ_661__M_LMGN,ES
INET_N_697,ES
SEQ_657__M_LMGN,ES
SEQ_6329__L_LMGN,UA
N_1698_S_LMGN,FR
SEQ_4115__S_LMGN,NL
SEQ_5417__M_LMGN,GB
SEQ_843__L_LMGN,GB
N_414_M_LMGN,GB
N_409_M_LMGN,GB
N_2099_S_LMGN,IT
INET_N_1259,IT
SEQ_10331__M_LMGN,UA
SEQ_5821__S_LMGN,RO
N_209_S_LMGN,RO
SEQ_7371__S_LMGN,RO
N_421_M_LMGN,RO
SEQ_4467__M_LMGN,RO
SEQ_4471__M_LMGN,RO
SEQ_4477__M_LMGN,RO
SEQ_6333__M_LMGN,LT
SEQ_6349__M_LMGN,LT
SEQ_1257__S_LMGN,LT
N_178_S_LMGN,LT
N_1940_S_LMGN,BE
INET_N_1413,BE
SEQ_3101_p,ES
N_697_M_LMGN,ES
N_827_M_LMGN,ES
N_419_M_LMGN,GR
SEQ_4335__M_LMGN,SE
N_406_M_LMGN,SE
N_303_M_LMGN,SE
SEQ_3173__M_LMGN,BG
SEQ_3183__M_LMGN,BG
SEQ_3171__M_LMGN,BG
N_746_S_LMGN,PL
N_747_S_LMGN,PL
N_203_M_LMGN,DK
SEQ_7829__M_LMGN,DK
SEQ_5727__L_LMGN,HU
SEQ_5735__L_LMGN,HU
SEQ_5741__L_LMGN,HU
N_1217_S_LMGN,IT
N_2571_S_LMGN,IT
N_6_L_LMGN,IT
SEQ_3145_p,IT
N_111_L_LMGN,UA
SEQ_3223__L_LMGN,FR
N_2037_S_LMGN,FR
N_606_M_LMGN,IT
N_289_M_LMGN,IT
SEQ_2913__M_LMGN,IT
INET_N_302,IT
N_2368_S_LMGN,BE
Stor_NonEU_37,BY
N_231_L_LMGN,UA
SEQ_8033__L_LMGN,UA
N_145_M_LMGN,UA
N_1179_S_LMGN,IT
SEQ_3182_p,IT
SEQ_3189_p,GB
N_508_M_LMGN,GB
N_251_L_LMGN,GB
SEQ_6859__L_LMGN,AT
SEQ_4087__M_LMGN,PL
N_11_L_LMGN,BY
N_2181_S_LMGN,BY
SEQ_3199_p,AT
INET_N_1316,NL
SEQ_14133__S_LMGN,IT
Stor_EU_31,IT
N_1519_S_LMGN,IT
N_1181_S_LMGN,IT
SEQ_7571_p,ES
SEQ_3220_p,ES
SEQ_3225_p,IT
N_462_M_LMGN,LT
SEQ_3230_p,AT
SEQ_9753__M_LMGN,HU
SEQ_9755__M_LMGN,HU
SEQ_7009__L_LMGN,RO
SEQ_7589__S_LMGN,RO
N_2424_S_LMGN,FR
N_230_L_LMGN,UA
SEQ_6369__L_LMGN,UA
SEQ_3240_p,GB
SEQ_4321__L_LMGN,FR
SEQ_4323__L_LMGN,FR
INET_N_1224,IT
N_200_M_LMGN,IT
SEQ_8927__M_LMGN,IT
SEQ_8933__M_LMGN,IT
N_1173_S_LMGN,IT
N_1172_S_LMGN,IT
N_261_M_LMGN,FI
SEQ_2643__M_LMGN,FI
N_262_M_LMGN,FI
SEQ_3265_p,FI
SEQ_3266_p,FI
N_925_M_LMGN,FI
N_1882_S_LMGN,IT
N_1736_S_LMGN,CH
N_1737_S_LMGN,CH
N_2564_S_LMGN,CH
SEQ_2543__M_LMGN,TR
SEQ_2509__M_LMGN,TR
SEQ_2505__M_LMGN,TR
N_249_M_LMGN,TR
SEQ_5217__M_LMGN,PL
SEQ_5231__M_LMGN,PL
SEQ_5233__M_LMGN,PL
SEQ_6861__S_LMGN,PL
N_956_S_LMGN,PL
N_406_S_LMGN,PL
SEQ_2733__L_LMGN,PL
N_120_L_LMGN,PL
N_2569_S_LMGN,IT
SEQ_5183__L_LMGN,IT
N_1478_S_LMGN,IT
N_1477_S_LMGN,IT
SEQ_3328_p,ES
N_643_S_LMGN,ES
N_746_L_LMGN,UA
SEQ_9097__M_LMGN,UA
N_2585_M_LMGN,UA
SEQ_5169__M_LMGN,BY
SEQ_1237__L_LMGN,BY
N_780_S_LMGN,BY
N_187_M_LMGN,LV
N_268_M_LMGN,LV
N_383_M_LMGN,LV
N_326_S_LMGN,ES
SEQ_3370_p,ES
SEQ_17563__S_LMGN,ES
N_344_S_LMGN,ES
SEQ_8405__S_LMGN,ES
N_901_S_LMGN,ES
N_897_S_LMGN,ES
SEQ_3381_p,ES
N_672_S_LMGN,ES
SEQ_4395__M_LMGN,UA
SEQ_9843__M_LMGN,IE
N_856_M_LMGN,IE
INET_N_1653,IT
N_250_S_LMGN,TR
N_251_S_LMGN,TR
SEQ_8205__L_LMGN,TR
SEQ_7005__L_LMGN,RO
SEQ_7001__L_LMGN,RO
SEQ_6995__L_LMGN,RO
SEQ_3421_p,RO
N_1855_S_LMGN,FR
N_2323_S_LMGN,FR
N_2562_S_LMGN,FR
N_1891_S_LMGN,IT
SEQ_1353__L_LMGN,GB
SEQ_6503__L_LMGN,FR
N_432_S_LMGN,FR
SEQ_6499__L_LMGN,FR
SEQ_6493__L_LMGN,FR
N_250_L_LMGN,FR
N_254_L_LMGN,FR
N_1101_S_LMGN,BE
N_1093_S_LMGN,BE
N_1094_S_LMGN,BE
SEQ_5455__M_LMGN,IE
SEQ_5463__M_LMGN,IE
SEQ_5471__M_LMGN,IE
N_510_M_LMGN,IE
SEQ_7779__M_LMGN,CZ
N_759_M_LMGN,RU
SEQ_8705__M_LMGN,RU
SEQ_3487_p,GB
N_2593_S_LMGN,NL
N_346_S_LMGN,IT
N_280_M_LMGN,UA
N_1280_S_LMGN,NL
N_77_L_LMGN,UA
SEQ_2913__L_LMGN,UA
N_17_M_LMGN,UA
N_898_S_LMGN,PT
SEQ_9569__S_LMGN,RS
N_587_S_LMGN,RS
N_797_S_LMGN,RS
N_139_L_LMGN,UA
N_2492_S_LMGN,NL
N_1395_S_LMGN,CZ
N_850_M_LMGN,IT
SEQ_3548_p,LT
SEQ_3549_p,LT
N_1243_S_LMGN,AT
N_135_S_LMGN,IT
N_621_S_LMGN,ES
N_1523_S_LMGN,IT
N_2526_S_LMGN,FR
N_2527_S_LMGN,FR
N_1849_S_LMGN,IT
N_1208_S_LMGN,IT
N_1515_S_LMGN,IT
N_512_S_LMGN,IT
N_520_S_LMGN,IT
SEQ_5527__M_LMGN,GB
N_1495_S_LMGN,IT
N_482_M_LMGN,UA
N_1627_S_LMGN,FR
SEQ_3877__L_LMGN,UA
SEQ_3600_p,UA
N_455_S_LMGN,UA
N_2409_S_LMGN,FR
N_267_M_LMGN,EE
SEQ_11089__S_LMGN,IT
SEQ_3633_p,IT
N_1884_S_LMGN,IT
SEQ_6445__M_LMGN,RU
N_472_M_LMGN,RU
N_594_M_LMGN,RU
SEQ_1879__M_LMGN,RU
SEQ_6933__L_LMGN,TR
N_260_L_LMGN,TR
SEQ_8055__L_LMGN,TR
N_124_S_LMGN,UA
N_961_S_LMGN,AT
N_1907_S_LMGN,AT
N_1696_S_LMGN,FR
SEQ_3676_p,FR
SEQ_1307__L_LMGN,FR
N_667_S_LMGN,ES
N_668_S_LMGN,ES
SEQ_5443__L_LMGN,RU
N_217_L_LMGN,RU
SEQ_5323__M_LMGN,RS
SEQ_5315__M_LMGN,HU
SEQ_5313__M_LMGN,HU
SEQ_3706_p,ES
Prod_11,
N_336_M_LMGN,ES
N_517_S_LMGN,SI
N_112_L_LMGN,UA
Stor_EU_71,AT
SEQ_5849__M_LMGN,IT
N_510_S_LMGN,IT
N_1864_S_LMGN,IT
SEQ_201__L_LMGN,RU
N_3_L_LMGN,RU
SEQ_199__L_LMGN,RU
N_238_S_LMGN,RU
N_1142_S_LMGN,ES
SEQ_2349__S_LMGN,IT
N_347_S_LMGN,IT
N_964_S_LMGN,SI
N_965_S_LMGN,SI
SEQ_923__L_LMGN,SI
N_751_S_LMGN,HU
SEQ_3796_p,PT
SEQ_293__M_LMGN,PT
N_758_S_LMGN,BY
SEQ_5019__L_LMGN,TR
N_1238_S_LMGN,SI
N_2354_S_LMGN,SI
N_1147_S_LMGN,ES
SEQ_3831_p,FR
N_2214_S_LMGN,HU
N_1551_S_LMGN,SI
N_1550_S_LMGN,SI
N_893_M_LMGN,FR
SEQ_10775__M_LMGN,FR
N_1553_S_LMGN,AT
SEQ_10271__M_LMGN,NL
N_1612_S_LMGN,NL
N_633_M_LMGN,RU
N_2452_S_LMGN,IT
SEQ_19025__S_LMGN,IT
N_1625_S_LMGN,BE
N_1888_S_LMGN,IT
N_2136_S_LMGN,IT
N_694_S_LMGN,IT
N_0_L_LMGN,
N_1_L_LMGN,IR
N_2_L_LMGN,RU
SEQ_145__L_LMGN,RU
SEQ_195__L_LMGN,RU
N_8_L_LMGN,EG
SEQ_255__L_LMGN,EG
N_9_L_LMGN,EG
SEQ_291__L_LMGN,BY
SEQ_299__L_LMGN,BY
N_388_M_LMGN,RU
SEQ_309__L_LMGN,RU
SEQ_325__L_LMGN,RU
SEQ_331__L_LMGN,RU
N_15_L_LMGN,RU
N_16_L_LMGN,RU
SEQ_369__L_LMGN,RU
SEQ_373__L_LMGN,RU
SEQ_403__L_LMGN,RU
SEQ_437__L_LMGN,RU
SEQ_449__L_LMGN,RU
SEQ_457__L_LMGN,RU
SEQ_467__L_LMGN,RU
N_17_L_LMGN,RU
N_18_L_LMGN,RU
SEQ_475__L_LMGN,RU
SEQ_511__L_LMGN,RU
SEQ_525__L_LMGN,RU
SEQ_527__L_LMGN,RU
SEQ_537__L_LMGN,RU
SEQ_583__L_LMGN,RU
SEQ_591__L_LMGN,RU
N_19_L_LMGN,RU
N_20_L_LMGN,RU
N_21_L_LMGN,RU
N_22_L_LMGN,RU
N_23_L_LMGN,RU
SEQ_623__L_LMGN,RU
SEQ_639__L_LMGN,RU
N_24_L_LMGN,RU
N_25_L_LMGN,RU
N_29_L_LMGN,IT
N_37_L_LMGN,TR
SEQ_7313__M_LMGN,RU
SEQ_4105_p,RU
SEQ_4116_p,GB
SEQ_889__L_LMGN,FR
SEQ_893__L_LMGN,FR
SEQ_1251__L_LMGN,BY
SEQ_1255__L_LMGN,BY
SEQ_1259__L_LMGN,BY
N_54_L_LMGN,RU
SEQ_4148_p,FR
N_58_L_LMGN,GB
N_62_L_LMGN,DZ
SEQ_1413__L_LMGN,DZ
SEQ_1419__L_LMGN,DZ
SEQ_1427__L_LMGN,DZ
N_63_L_LMGN,DZ
SEQ_1479__L_LMGN,IT
N_66_L_LMGN,IT
SEQ_1493__L_LMGN,IT
SEQ_1513__L_LMGN,IT
N_1192_S_LMGN,IT
SEQ_1567__L_LMGN,RU
N_72_L_LMGN,RU
N_73_L_LMGN,RU
N_74_L_LMGN,RU
N_12_L_LMGN,RU
N_82_L_LMGN,RU
N_83_L_LMGN,RU
SEQ_1751__L_LMGN,RU
SEQ_1757__L_LMGN,RU
SEQ_1765__L_LMGN,RU
SEQ_1771__L_LMGN,RU
SEQ_1773__L_LMGN,RU
SEQ_1797__L_LMGN,RU
N_84_L_LMGN,RU
SEQ_1829__L_LMGN,RU
SEQ_1833__L_LMGN,RU
SEQ_1835__L_LMGN,RU
N_85_L_LMGN,RU
SEQ_1839__L_LMGN,RU
SEQ_1845__L_LMGN,RU
N_86_L_LMGN,RU
Stor_NonEU_21,RU
SEQ_1883__L_LMGN,
SEQ_1889__L_LMGN,
SEQ_1913__L_LMGN,RU
SEQ_1919__L_LMGN,RU
SEQ_1929__L_LMGN,RU
SEQ_1945__L_LMGN,RU
SEQ_1951__L_LMGN,RU
SEQ_1967__L_LMGN,RU
SEQ_1971__L_LMGN,RU
SEQ_1981__L_LMGN,RU
SEQ_1993__L_LMGN,RU
N_89_L_LMGN,RU
SEQ_2013__L_LMGN,RU
SEQ_2025__L_LMGN,RU
SEQ_2027__L_LMGN,RU
N_91_L_LMGN,GB
SEQ_2075__L_LMGN,GB
N_99_L_LMGN,IT
N_102_L_LMGN,IQ
N_103_L_LMGN,IQ
N_104_L_LMGN,IQ
N_105_L_LMGN,IQ
N_109_L_LMGN,AZ
SEQ_2397__L_LMGN,AZ
N_460_L_LMGN,RU
SEQ_2415__L_LMGN,RU
SEQ_2417__L_LMGN,RU
SEQ_2429__L_LMGN,RU
SEQ_2441__L_LMGN,GE
SEQ_2461__L_LMGN,GE
SEQ_2469__L_LMGN,GE
SEQ_2475__L_LMGN,GE
SEQ_2495__L_LMGN,GE
N_132_L_LMGN,EG
SEQ_2945__L_LMGN,EG
SEQ_2957__L_LMGN,EG
SEQ_2973__L_LMGN,EG
N_133_L_LMGN,EG
N_134_L_LMGN,
SEQ_2977__L_LMGN,
SEQ_2983__L_LMGN,EG
N_135_L_LMGN,EG
N_136_L_LMGN,EG
SEQ_3011__L_LMGN,
N_137_L_LMGN,
N_142_L_LMGN,RU
SEQ_3103__L_LMGN,RU
SEQ_4496_p,GB
INET_N_1490,GB
SEQ_4505_p,FR
N_152_L_LMGN,FR
N_153_L_LMGN,TN
SEQ_3281__L_LMGN,TN
SEQ_3297__L_LMGN,TN
SEQ_3321__L_LMGN,TN
SEQ_3365__L_LMGN,TN
N_154_L_LMGN,TN
SEQ_3403__L_LMGN,IT
SEQ_3421__L_LMGN,TN
SEQ_3431__L_LMGN,TN
N_158_L_LMGN,IQ
N_159_L_LMGN,IQ
SEQ_4579_p,IT
SEQ_4589_p,CZ
SEQ_4594_p,CZ
SEQ_3737__L_LMGN,IT
SEQ_4599_p,IT
SEQ_4609_p,BY
SEQ_3807__L_LMGN,BY
SEQ_3813__L_LMGN,BY
SEQ_3817__L_LMGN,BY
SEQ_4623_p,GB
N_177_L_LMGN,
SEQ_4057__L_LMGN,
N_178_L_LMGN,
N_771_S_LMGN,RU
N_183_L_LMGN,RU
SEQ_4187__L_LMGN,FR
N_187_L_LMGN,FR
SEQ_4237__L_LMGN,FR
SEQ_4337__L_LMGN,FR
SEQ_4341__L_LMGN,FR
SEQ_4427__L_LMGN,DZ
SEQ_4441__L_LMGN,DZ
SEQ_4451__L_LMGN,DZ
SEQ_4455__L_LMGN,DZ
SEQ_4459__L_LMGN,DZ
SEQ_4463__L_LMGN,DZ
SEQ_4469__L_LMGN,DZ
SEQ_4475__L_LMGN,DZ
SEQ_4487__L_LMGN,DZ
SEQ_4493__L_LMGN,DZ
SEQ_4507__L_LMGN,DZ
SEQ_4513__L_LMGN,DZ
SEQ_4521__L_LMGN,DZ
N_199_L_LMGN,DZ
N_200_L_LMGN,DZ
N_201_L_LMGN,DZ
SEQ_4575__L_LMGN,DZ
SEQ_4609__L_LMGN,DZ
SEQ_4641__L_LMGN,DZ
SEQ_4769__L_LMGN,ES
SEQ_4773__L_LMGN,ES
SEQ_4779__L_LMGN,ES
N_203_L_LMGN,TN
SEQ_4831__L_LMGN,TN
N_204_L_LMGN,DZ
SEQ_4837__L_LMGN,DZ
SEQ_4841__L_LMGN,DZ
SEQ_4847__L_LMGN,DZ
SEQ_4849__L_LMGN,DZ
SEQ_4859__L_LMGN,DZ
SEQ_4863__L_LMGN,DZ
SEQ_4869__L_LMGN,DZ
SEQ_4877__L_LMGN,DZ
SEQ_4883__L_LMGN,DZ
N_205_L_LMGN,DZ
N_206_L_LMGN,
N_207_L_LMGN,IR
SEQ_5059__L_LMGN,IR
SEQ_4859_p,IT
N_256_M_LMGN,IL
SEQ_5567__L_LMGN,SY
N_227_L_LMGN,SY
N_228_L_LMGN,SY
SEQ_5861__L_LMGN,PL
SEQ_5939__L_LMGN,FR
SEQ_5959__L_LMGN,FR
SEQ_4960_p,FR
SEQ_6033__L_LMGN,FR
N_241_L_LMGN,FR
SEQ_4969_p,DZ
SEQ_6059__L_LMGN,DZ
SEQ_6067__L_LMGN,DZ
SEQ_6077__L_LMGN,DZ
SEQ_6083__L_LMGN,DZ
SEQ_6091__L_LMGN,DZ
SEQ_6101__L_LMGN,DZ
SEQ_6117__L_LMGN,DZ
SEQ_6127__L_LMGN,DZ
SEQ_6129__L_LMGN,DZ
SEQ_6163__L_LMGN,TN
SEQ_6175__L_LMGN,TN
N_244_L_LMGN,SY
N_245_L_LMGN,EG
SEQ_5042_p,UA
SEQ_6525__L_LMGN,FR
SEQ_6533__L_LMGN,FR
N_255_L_LMGN,BE
SEQ_7153__L_LMGN,SY
SEQ_7179__L_LMGN,SY
SEQ_5151_p,UA
SEQ_5156_p,UA
SEQ_7283__L_LMGN,BG
SEQ_7313__L_LMGN,BG
SEQ_7363__L_LMGN,RU
SEQ_7365__L_LMGN,RU
SEQ_7373__L_LMGN,RU
N_266_L_LMGN,RU
SEQ_7519__L_LMGN,DZ
SEQ_7521__L_LMGN,DZ
SEQ_7529__L_LMGN,DZ
SEQ_7533__L_LMGN,DZ
SEQ_7535__L_LMGN,DZ
SEQ_7541__L_LMGN,DZ
SEQ_7551__L_LMGN,DZ
SEQ_7563__L_LMGN,DZ
SEQ_7577__L_LMGN,DZ
N_279_L_LMGN,IQ
N_281_L_LMGN,RU
SEQ_8113__L_LMGN,RU
N_248_L_LMGN,RU
SEQ_8265__L_LMGN,RU
SEQ_8285__L_LMGN,RU
SEQ_5297_p,RU
N_253_S_LMGN,TR
N_295_L_LMGN,RU
N_297_L_LMGN,EG
N_258_M_LMGN,RU
N_338_M_LMGN,FR
N_596_M_LMGN,RU
SEQ_3039__M_LMGN,BE
N_41_M_LMGN,EG
N_782_M_LMGN,PL
N_1820_M_LMGN,RU
SEQ_8971__M_LMGN,IT
N_38_M_LMGN,SY
SEQ_5151__M_LMGN,BY
Stor_NonEU_5,TR
SEQ_2929__M_LMGN,PL
N_253_M_LMGN,
SEQ_2769__M_LMGN,DZ
N_444_M_LMGN,RU
N_123_M_LMGN,RU
N_73_M_LMGN,LY
N_915_M_LMGN,FR
SEQ_6515__M_LMGN,PL
N_801_M_LMGN,TN
N_748_M_LMGN,RU
SEQ_895__M_LMGN,RU
N_562_M_LMGN,FR
SEQ_6069__M_LMGN,RU
N_392_M_LMGN,RU
N_172_M_LMGN,EG
SEQ_4241__M_LMGN,LY
SEQ_5455_p,LY
N_3_M_LMGN,LY
N_8_M_LMGN,KZ
SEQ_75__M_LMGN,KZ
SEQ_109__M_LMGN,RU
SEQ_121__M_LMGN,RU
N_9_M_LMGN,RU
N_10_M_LMGN,KZ
N_11_M_LMGN,KZ
N_14_M_LMGN,FI
SEQ_153__M_LMGN,FI
SEQ_5511_p,FI
N_21_M_LMGN,TR
N_32_M_LMGN,RU
SEQ_433__M_LMGN,RU
N_39_M_LMGN,EG
N_45_M_LMGN,
N_46_M_LMGN,
Prod_75,
N_48_M_LMGN,
N_53_M_LMGN,RU
N_54_M_LMGN,RU
N_57_M_LMGN,UA
N_80_M_LMGN,PT
N_81_M_LMGN,RU
N_82_M_LMGN,RU
N_33_M_LMGN,RU
N_6_M_LMGN,RU
N_83_M_LMGN,RU
N_84_M_LMGN,RU
N_85_M_LMGN,RU
N_87_M_LMGN,RU
N_88_M_LMGN,
N_12_M_LMGN,
SEQ_919__M_LMGN,AM
SEQ_931__M_LMGN,AM
N_90_M_LMGN,AM
Prod_74,
Prod_35,
SEQ_5692_p,
N_93_M_LMGN,
N_103_M_LMGN,
N_95_M_LMGN,
N_96_M_LMGN,EG
N_98_M_LMGN,EG
N_102_M_LMGN,TR
N_105_M_LMGN,
SEQ_971__M_LMGN,
N_106_M_LMGN,
N_107_M_LMGN,TR
SEQ_981__M_LMGN,TR
N_387_S_LMGN,TR
N_113_M_LMGN,
N_114_M_LMGN,AM
N_115_M_LMGN,AM
N_377_M_LMGN,SY
N_117_M_LMGN,RU
N_118_M_LMGN,RU
N_53_L_LMGN,RU
SEQ_1183__M_LMGN,RU
SEQ_1191__M_LMGN,RU
N_125_M_LMGN,RU
N_128_M_LMGN,PL
SEQ_1273__M_LMGN,PL
SEQ_1277__M_LMGN,PL
SEQ_1283__M_LMGN,PL
SEQ_1285__M_LMGN,PL
SEQ_2327__S_LMGN,ES
N_139_M_LMGN,PT
N_140_M_LMGN,SE
N_141_M_LMGN,SE
SEQ_535__S_LMGN,IE
N_147_M_LMGN,RO
N_148_M_LMGN,RO
SEQ_5810_p,RO
SEQ_5811_p,RO
N_150_M_LMGN,RO
N_157_M_LMGN,PT
N_158_M_LMGN,
N_159_M_LMGN,RU
N_160_M_LMGN,RU
N_161_M_LMGN,RU
N_162_M_LMGN,RU
N_163_M_LMGN,RU
N_164_M_LMGN,KZ
N_1896_S_LMGN,GE
N_168_M_LMGN,GE
N_169_M_LMGN,
SEQ_1745__M_LMGN,
N_175_M_LMGN,
N_176_M_LMGN,EG
N_179_M_LMGN,
SEQ_5856_p,
Prod_44,
SEQ_1797__M_LMGN,MD
SEQ_1799__M_LMGN,MD
SEQ_1807__M_LMGN,MD
SEQ_1809__M_LMGN,MD
SEQ_1813__M_LMGN,MD
N_184_M_LMGN,RU
N_185_M_LMGN,FI
N_186_M_LMGN,FI
SEQ_1857__M_LMGN,RU
SEQ_1895__M_LMGN,RU
SEQ_1897__M_LMGN,RU
N_191_M_LMGN,RU
N_192_M_LMGN,RU
SEQ_5891_p,DK
SEQ_1949__M_LMGN,DK
N_207_M_LMGN,TR
N_212_M_LMGN,RO
SEQ_1987__M_LMGN,RO
SEQ_18331__S_LMGN,RO
N_215_M_LMGN,TN
N_216_M_LMGN,TN
N_217_M_LMGN,TN
N_220_M_LMGN,EG
N_221_M_LMGN,EG
N_222_M_LMGN,
N_223_M_LMGN,EG
N_224_M_LMGN,
N_227_M_LMGN,RU
N_228_M_LMGN,RU
N_229_M_LMGN,KZ
N_230_M_LMGN,KZ
N_231_M_LMGN,RU
N_232_M_LMGN,RU
N_350_M_LMGN,RU
N_237_M_LMGN,RU
SEQ_2363__M_LMGN,RU
N_238_M_LMGN,RU
N_239_M_LMGN,GE
N_240_M_LMGN,GE
N_241_M_LMGN,
N_242_M_LMGN,
N_243_M_LMGN,GE
SEQ_2423__M_LMGN,GE
SEQ_2435__M_LMGN,GE
SEQ_2443__M_LMGN,GE
SEQ_2451__M_LMGN,GE
SEQ_2457__M_LMGN,GE
SEQ_2461__M_LMGN,GE
SEQ_2465__M_LMGN,GE
SEQ_2471__M_LMGN,GE
N_244_M_LMGN,
N_245_M_LMGN,
N_246_M_LMGN,
N_247_M_LMGN,
N_248_M_LMGN,EG
N_252_M_LMGN,
N_166_M_LMGN,AM
N_255_M_LMGN,IL
N_259_M_LMGN,RU
N_264_M_LMGN,LV
SEQ_6092_p,RU
N_272_M_LMGN,RU
N_276_M_LMGN,RU
N_277_M_LMGN,RU
N_768_M_LMGN,RU
SEQ_2775__M_LMGN,DZ
SEQ_2817__M_LMGN,DZ
SEQ_2835__M_LMGN,DZ
N_283_M_LMGN,IT
SEQ_6149_p,IT
N_293_M_LMGN,PL
Stor_EU_62,DK
N_304_M_LMGN,DK
SEQ_2989__M_LMGN,DK
N_314_M_LMGN,RU
SEQ_6303__L_LMGN,RU
SEQ_6177_p,BG
SEQ_3191__M_LMGN,BG
SEQ_3201__M_LMGN,BG
SEQ_3205__M_LMGN,BG
SEQ_3209__M_LMGN,BG
SEQ_3213__M_LMGN,BG
SEQ_3215__M_LMGN,BG
N_325_M_LMGN,BG
SEQ_16903__S_LMGN,RO
N_330_M_LMGN,RO
N_641_M_LMGN,EG
N_340_M_LMGN,ES
SEQ_3317__M_LMGN,ES
SEQ_3335__M_LMGN,FR
N_342_M_LMGN,FR
N_345_M_LMGN,RU
N_346_M_LMGN,RU
N_347_M_LMGN,RU
N_348_M_LMGN,RU
N_349_M_LMGN,RU
SEQ_3415__M_LMGN,RU
SEQ_3447__M_LMGN,RU
N_351_M_LMGN,RU
N_352_M_LMGN,RU
N_353_M_LMGN,RU
N_354_M_LMGN,RU
N_356_M_LMGN,RU
SEQ_3557__M_LMGN,RU
N_357_M_LMGN,RU
N_358_M_LMGN,RU
N_359_M_LMGN,RU
SEQ_3683__M_LMGN,GE
N_360_M_LMGN,GE
N_361_M_LMGN,IL
N_919_M_LMGN,JO
N_366_M_LMGN,
Prod_34,
N_370_M_LMGN,
Prod_41,
N_376_M_LMGN,
SEQ_6350_p,RU
SEQ_6367_p,RU
N_380_M_LMGN,RU
N_381_M_LMGN,RU
N_382_M_LMGN,FI
SEQ_3949__M_LMGN,RU
N_386_M_LMGN,RU
N_387_M_LMGN,RU
N_389_M_LMGN,RU
SEQ_3981__M_LMGN,RU
SEQ_3997__M_LMGN,RU
SEQ_4007__M_LMGN,RU
N_391_M_LMGN,RU
SEQ_4015__M_LMGN,RU
SEQ_4317__M_LMGN,IT
SEQ_6447_p,GB
INET_N_1555,GB
Stor_EU_57,GB
SEQ_4483__M_LMGN,RO
SEQ_19565__S_LMGN,RO
N_423_M_LMGN,RO
SEQ_9663__S_LMGN,RO
N_425_M_LMGN,RO
SEQ_4497__M_LMGN,RO
SEQ_4501__M_LMGN,RO
SEQ_4505__M_LMGN,RO
N_426_M_LMGN,RO
INET_N_225,RO
SEQ_11107__S_LMGN,IT
N_432_M_LMGN,IT
N_436_M_LMGN,RU
N_437_M_LMGN,RU
N_438_M_LMGN,RU
SEQ_4655__M_LMGN,RU
SEQ_4657__M_LMGN,RU
SEQ_4661__M_LMGN,RU
N_440_M_LMGN,RU
SEQ_4675__M_LMGN,RU
N_441_M_LMGN,RU
IGU_N_123,RU
SEQ_4701__M_LMGN,GE
SEQ_4723__M_LMGN,RU
N_379_M_LMGN,RU
N_363_M_LMGN,
SEQ_1017__S_LMGN,TR
N_454_M_LMGN,JO
N_456_M_LMGN,RU
IGU_N_152,RU
N_464_M_LMGN,LT
N_466_M_LMGN,RU
N_467_M_LMGN,RU
SEQ_6597_p,RU
SEQ_4997__M_LMGN,UA
N_475_M_LMGN,BY
SEQ_6637_p,UA
SEQ_5153__M_LMGN,BY
SEQ_5163__M_LMGN,BY
SEQ_5165__M_LMGN,BY
SEQ_5185__M_LMGN,BY
SEQ_5187__M_LMGN,BY
N_491_M_LMGN,PL
SEQ_5255__M_LMGN,PL
SEQ_5259__M_LMGN,PL
N_492_M_LMGN,PL
N_493_M_LMGN,RO
SEQ_5273__M_LMGN,RO
N_494_M_LMGN,RO
SEQ_5287__M_LMGN,RO
N_495_M_LMGN,RO
Stor_EU_14,HU
N_505_M_LMGN,RO
N_506_M_LMGN,RO
SEQ_6678_p,IE
N_511_M_LMGN,IE
N_516_M_LMGN,GB
N_519_M_LMGN,GB
SEQ_6685_p,GB
SEQ_6686_p,GB
SEQ_6687_p,GB
INET_N_910,GB
SEQ_6693_p,NL
SEQ_5643__M_LMGN,RO
SEQ_5647__M_LMGN,RO
SEQ_5651__M_LMGN,RO
N_528_M_LMGN,TR
SEQ_5661__M_LMGN,RO
SEQ_5669__M_LMGN,RO
SEQ_5673__M_LMGN,RO
N_531_M_LMGN,RO
SEQ_5683__M_LMGN,RO
SEQ_5687__M_LMGN,RO
N_532_M_LMGN,RO
SEQ_5701__M_LMGN,RO
SEQ_5705__M_LMGN,RO
SEQ_5709__M_LMGN,RO
N_535_M_LMGN,EG
N_540_M_LMGN,FR
SEQ_6735_p,ES
Stor_EU_21,ES
N_687_S_LMGN,IT
N_1839_S_LMGN,IT
N_558_M_LMGN,IT
SEQ_5877__M_LMGN,FR
N_566_M_LMGN,RU
N_567_M_LMGN,RU
N_569_M_LMGN,RU
N_570_M_LMGN,RU
SEQ_6095__M_LMGN,RU
N_575_M_LMGN,RU
N_578_M_LMGN,RU
N_579_M_LMGN,RU
SEQ_6243__M_LMGN,AM
N_582_M_LMGN,AM
N_589_M_LMGN,
N_592_M_LMGN,RU
N_593_M_LMGN,RU
SEQ_6872_p,RU
N_597_M_LMGN,RU
N_598_M_LMGN,RU
N_599_M_LMGN,RU
N_600_M_LMGN,RU
SEQ_6523__M_LMGN,BE
SEQ_6533__M_LMGN,BE
N_603_M_LMGN,LU
SEQ_6547__M_LMGN,LU
SEQ_6563__M_LMGN,BE
INET_N_1407,IT
SEQ_6906_p,IT
SEQ_6639__M_LMGN,RO
SEQ_6641__M_LMGN,RO
SEQ_6643__M_LMGN,RO
N_530_M_LMGN,RO
N_610_M_LMGN,HU
N_613_M_LMGN,HU
SEQ_5861__S_LMGN,RO
SEQ_6703__M_LMGN,RO
INET_N_1309,ES
SEQ_6867__M_LMGN,GR
SEQ_6959_p,GR
N_634_M_LMGN,TR
SEQ_6901__M_LMGN,TR
N_1968_S_LMGN,RO
N_648_M_LMGN,GB
SEQ_6980_p,GB
SEQ_7063__M_LMGN,FR
SEQ_7075__M_LMGN,FR
N_652_M_LMGN,FR
N_655_M_LMGN,ES
SEQ_6993_p,IT
N_662_M_LMGN,RU
N_663_M_LMGN,RU
SEQ_7323__M_LMGN,RU
N_665_M_LMGN,RU
N_666_M_LMGN,RU
N_668_M_LMGN,RU
N_669_M_LMGN,RU
N_670_M_LMGN,RU
N_671_M_LMGN,RU
SEQ_7455__M_LMGN,RU
N_674_M_LMGN,
SEQ_7126_p,
SEQ_7559__M_LMGN,RO
SEQ_7563__M_LMGN,RO
N_678_M_LMGN,SY
N_282_S_LMGN,EE
N_682_M_LMGN,FI
SEQ_7663__M_LMGN,RU
SEQ_7685__M_LMGN,RU
N_684_M_LMGN,RU
N_685_M_LMGN,RU
N_687_M_LMGN,RU
N_2062_S_LMGN,PL
SEQ_7761__M_LMGN,PL
SEQ_7767__M_LMGN,PL
SEQ_7769__M_LMGN,PL
SEQ_7771__M_LMGN,PL
N_692_M_LMGN,PL
SEQ_7185_p,IT
SEQ_7857__M_LMGN,IT
SEQ_7190_p,HU
N_706_M_LMGN,HU
N_599_S_LMGN,RO
SEQ_7929__M_LMGN,RO
SEQ_7933__M_LMGN,RO
N_732_M_LMGN,FR
SEQ_8219__M_LMGN,FR
N_742_M_LMGN,KZ
N_743_M_LMGN,KZ
SEQ_8355__M_LMGN,RU
SEQ_8359__M_LMGN,RU
SEQ_8415__M_LMGN,RU
N_746_M_LMGN,RU
SEQ_7301_p,RU
N_749_M_LMGN,RU
N_750_M_LMGN,
N_751_M_LMGN,
N_752_M_LMGN,RU
SEQ_8571__M_LMGN,RU
SEQ_8595__M_LMGN,RU
N_753_M_LMGN,RU
N_763_M_LMGN,RU
SEQ_8769__M_LMGN,RU
N_766_M_LMGN,RU
SEQ_9213__S_LMGN,PL
SEQ_8797__M_LMGN,FR
SEQ_8801__M_LMGN,FR
SEQ_8805__M_LMGN,FR
SEQ_8807__M_LMGN,FR
SEQ_8811__M_LMGN,FR
SEQ_13941__S_LMGN,FR
N_785_M_LMGN,PL
SEQ_9021__M_LMGN,PL
SEQ_9023__M_LMGN,PL
SEQ_9143__M_LMGN,TR
SEQ_9145__M_LMGN,TR
N_1332_S_LMGN,RO
SEQ_9163__M_LMGN,RO
N_807_M_LMGN,NL
SEQ_9247__M_LMGN,FR
SEQ_7416_p,IT
N_819_M_LMGN,IT
N_820_M_LMGN,IT
SEQ_9343__M_LMGN,RU
N_829_M_LMGN,RU
SEQ_9357__M_LMGN,KZ
SEQ_9363__M_LMGN,KZ
SEQ_9367__M_LMGN,KZ
SEQ_9371__M_LMGN,KZ
SEQ_9375__M_LMGN,KZ
SEQ_1155__S_LMGN,KZ
SEQ_7443_p,IL
SEQ_7444_p,IL
SEQ_9389__M_LMGN,IL
N_832_M_LMGN,
N_833_M_LMGN,IL
N_834_M_LMGN,
SEQ_9489__M_LMGN,RU
N_835_M_LMGN,RU
N_836_M_LMGN,RU
N_837_M_LMGN,RU
N_839_M_LMGN,RU
SEQ_9593__M_LMGN,PL
N_843_M_LMGN,FR
SEQ_9615__M_LMGN,FR
N_852_M_LMGN,PL
SEQ_9659__M_LMGN,PL
N_869_M_LMGN,ES
SEQ_7525_p,FR
SEQ_10071__M_LMGN,FR
SEQ_10073__M_LMGN,FR
SEQ_10075__M_LMGN,FR
Prod_53,
N_878_M_LMGN,RU
SEQ_7575_p,NL
SEQ_10277__M_LMGN,NL
SEQ_7579_p,NL
SEQ_7581_p,NL
SEQ_18137__S_LMGN,HU
SEQ_10351__M_LMGN,RU
SEQ_10361__M_LMGN,RU
INET_N_16,GR
Prod_2,
N_890_M_LMGN,TN
SEQ_10515__M_LMGN,RU
SEQ_10531__M_LMGN,RU
N_899_M_LMGN,RU
N_900_M_LMGN,PL
SEQ_10569__M_LMGN,PL
SEQ_10573__M_LMGN,PL
N_1544_S_LMGN,PL
SEQ_10577__M_LMGN,PL
N_2830_M_LMGN,PL
SEQ_10587__M_LMGN,PL
SEQ_10589__M_LMGN,PL
SEQ_10595__M_LMGN,PL
SEQ_10721__M_LMGN,FR
SEQ_10743__M_LMGN,KZ
N_172_S_LMGN,KZ
SEQ_7668_p,RU
N_84_S_LMGN,FR
SEQ_10815__M_LMGN,FR
SEQ_10819__M_LMGN,FR
N_844_M_LMGN,LU
N_1042_M_LMGN,RU
SEQ_2451__S_LMGN,RU
N_2_S_LMGN,RU
N_3_S_LMGN,RU
N_4_S_LMGN,RU
N_6_S_LMGN,TR
N_7_S_LMGN,TR
N_14_S_LMGN,IE
N_16_S_LMGN,IT
N_17_S_LMGN,IT
N_19_S_LMGN,RU
N_20_S_LMGN,RU
N_21_S_LMGN,RU
N_23_S_LMGN,IE
N_28_S_LMGN,TR
N_29_S_LMGN,TR
N_30_S_LMGN,NL
N_32_S_LMGN,NL
N_33_S_LMGN,NL
N_37_S_LMGN,
N_40_S_LMGN,RU
N_47_S_LMGN,IE
N_50_S_LMGN,IE
N_51_S_LMGN,TR
N_53_S_LMGN,TR
N_54_S_LMGN,TR
N_57_S_LMGN,TR
N_58_S_LMGN,TR
N_63_S_LMGN,RU
INET_N_543,GB
N_78_S_LMGN,GB
N_81_S_LMGN,DZ
N_82_S_LMGN,MA
N_85_S_LMGN,PT
N_89_S_LMGN,GR
N_93_S_LMGN,RU
N_96_S_LMGN,IE
N_99_S_LMGN,TR
N_100_S_LMGN,TR
N_102_S_LMGN,TR
N_103_S_LMGN,TR
N_105_S_LMGN,TR
N_112_S_LMGN,UA
N_113_S_LMGN,RU
N_115_S_LMGN,FI
N_117_S_LMGN,GR
N_126_S_LMGN,IE
N_127_S_LMGN,IE
N_128_S_LMGN,IE
N_129_S_LMGN,FR
N_130_S_LMGN,FR
N_137_S_LMGN,DZ
N_138_S_LMGN,DZ
N_139_S_LMGN,GR
N_141_S_LMGN,RU
N_142_S_LMGN,RU
N_143_S_LMGN,RU
N_144_S_LMGN,RU
N_146_S_LMGN,RU
N_147_S_LMGN,RU
N_151_S_LMGN,TR
N_153_S_LMGN,TR
N_154_S_LMGN,TR
N_155_S_LMGN,TR
N_157_S_LMGN,TR
N_162_S_LMGN,TR
N_164_S_LMGN,TR
N_166_S_LMGN,TR
N_167_S_LMGN,TR
N_169_S_LMGN,RU
N_170_S_LMGN,KZ
INET_N_1816,PL
N_181_S_LMGN,FI
N_189_S_LMGN,FI
N_193_S_LMGN,RU
N_201_S_LMGN,RU
INET_N_36,GR
N_206_S_LMGN,BG
SEQ_7928_p,RO
IGU_N_139,UA
N_216_S_LMGN,RU
N_219_S_LMGN,GB
N_220_S_LMGN,IE
N_223_S_LMGN,GB
N_229_S_LMGN,PT
N_236_S_LMGN,GR
N_361_S_LMGN,RU
SEQ_7955_p,RU
N_243_S_LMGN,TR
N_244_S_LMGN,TR
N_246_S_LMGN,TR
N_247_S_LMGN,TR
N_255_S_LMGN,TR
N_256_S_LMGN,TR
N_258_S_LMGN,TR
N_260_S_LMGN,TR
N_262_S_LMGN,GE
N_264_S_LMGN,RU
N_266_S_LMGN,RU
N_267_S_LMGN,RU
N_268_S_LMGN,GE
N_271_S_LMGN,RU
N_273_S_LMGN,AZ
N_289_S_LMGN,RU
SEQ_8003_p,RU
N_291_S_LMGN,BY
N_293_S_LMGN,EE
N_295_S_LMGN,FI
N_298_S_LMGN,BY
N_301_S_LMGN,RS
N_302_S_LMGN,RS
N_304_S_LMGN,RO
N_305_S_LMGN,RO
N_308_S_LMGN,MD
N_309_S_LMGN,BG
N_310_S_LMGN,BG
N_318_S_LMGN,RU
N_320_S_LMGN,IE
N_321_S_LMGN,IE
N_322_S_LMGN,BE
N_324_S_LMGN,DK
N_328_S_LMGN,DZ
N_329_S_LMGN,DZ
N_330_S_LMGN,ES
N_334_S_LMGN,DZ
N_335_S_LMGN,DZ
N_337_S_LMGN,DZ
N_339_S_LMGN,DZ
N_348_S_LMGN,DZ
N_355_S_LMGN,DZ
N_356_S_LMGN,DZ
N_358_S_LMGN,DZ
N_362_S_LMGN,RU
N_363_S_LMGN,RU
N_366_S_LMGN,TR
N_367_S_LMGN,TR
N_368_S_LMGN,TR
N_372_S_LMGN,TR
N_373_S_LMGN,TR
Stor_NonEU_4,AM
N_378_S_LMGN,TR
N_380_S_LMGN,TR
N_381_S_LMGN,TR
N_383_S_LMGN,TR
N_384_S_LMGN,TR
N_385_S_LMGN,TR
N_386_S_LMGN,TR
N_389_S_LMGN,TR
N_394_S_LMGN,TR
N_396_S_LMGN,TR
N_397_S_LMGN,RU
N_399_S_LMGN,RU
N_404_S_LMGN,
N_405_S_LMGN,
N_407_S_LMGN,PL
N_408_S_LMGN,PL
N_410_S_LMGN,PL
N_415_S_LMGN,PL
SEQ_8115_p,PL
N_418_S_LMGN,FI
SEQ_8119_p,FI
N_422_S_LMGN,BY
N_423_S_LMGN,BY
N_424_S_LMGN,BY
N_427_S_LMGN,EE
N_428_S_LMGN,RU
N_430_S_LMGN,RO
SEQ_8131_p,RO
N_234_S_LMGN,MK
N_434_S_LMGN,MK
N_435_S_LMGN,BG
N_437_S_LMGN,RO
SEQ_3033__S_LMGN,RO
N_440_S_LMGN,RO
N_441_S_LMGN,RO
N_442_S_LMGN,RO
N_443_S_LMGN,RO
N_447_S_LMGN,TR
N_459_S_LMGN,RU
N_461_S_LMGN,IE
N_462_S_LMGN,IE
N_467_S_LMGN,FR
Stor_EU_105,PL
N_470_S_LMGN,FR
N_471_S_LMGN,FR
N_472_S_LMGN,FR
N_474_S_LMGN,FR
N_476_S_LMGN,FR
N_479_S_LMGN,ES
N_480_S_LMGN,ES
N_483_S_LMGN,ES
N_486_S_LMGN,ES
N_495_S_LMGN,MA
N_501_S_LMGN,ES
N_502_S_LMGN,ES
N_507_S_LMGN,DZ
N_515_S_LMGN,IT
N_521_S_LMGN,DZ
N_522_S_LMGN,DZ
N_524_S_LMGN,DZ
N_526_S_LMGN,DZ
N_527_S_LMGN,TN
N_535_S_LMGN,RU
N_541_S_LMGN,GE
N_543_S_LMGN,TR
N_544_S_LMGN,TR
N_545_S_LMGN,TR
N_546_S_LMGN,TR
N_548_S_LMGN,TR
N_554_S_LMGN,GE
N_555_S_LMGN,GE
N_272_S_LMGN,AZ
N_556_S_LMGN,AZ
N_557_S_LMGN,RU
N_558_S_LMGN,RU
N_560_S_LMGN,HU
N_749_S_LMGN,HU
N_564_S_LMGN,PL
N_568_S_LMGN,LT
N_571_S_LMGN,BY
N_572_S_LMGN,BY
N_576_S_LMGN,BY
N_769_S_LMGN,BY
N_580_S_LMGN,RU
N_581_S_LMGN,RU
N_582_S_LMGN,NL
N_589_S_LMGN,RS
N_590_S_LMGN,BG
N_591_S_LMGN,BG
N_592_S_LMGN,BG
N_594_S_LMGN,RO
N_596_S_LMGN,RO
N_597_S_LMGN,RO
N_601_S_LMGN,MD
N_605_S_LMGN,BG
N_606_S_LMGN,TR
N_830_S_LMGN,RU
N_610_S_LMGN,RU
N_612_S_LMGN,RU
N_618_S_LMGN,FR
N_619_S_LMGN,FR
N_620_S_LMGN,FR
N_625_S_LMGN,FR
N_628_S_LMGN,FR
N_629_S_LMGN,FR
N_631_S_LMGN,FR
N_632_S_LMGN,FR
N_634_S_LMGN,FR
N_635_S_LMGN,FR
N_636_S_LMGN,FR
N_640_S_LMGN,ES
N_641_S_LMGN,ES
N_1442_S_LMGN,ES
N_653_S_LMGN,DZ
N_654_S_LMGN,DZ
N_655_S_LMGN,DZ
N_656_S_LMGN,DZ
N_660_S_LMGN,DZ
N_662_S_LMGN,DZ
N_663_S_LMGN,DZ
N_664_S_LMGN,DZ
N_666_S_LMGN,ES
N_669_S_LMGN,DZ
N_670_S_LMGN,DZ
N_673_S_LMGN,ES
N_676_S_LMGN,IT
N_678_S_LMGN,IT
N_679_S_LMGN,IT
N_681_S_LMGN,DZ
N_682_S_LMGN,DZ
N_685_S_LMGN,IT
N_686_S_LMGN,IT
N_688_S_LMGN,DZ
N_689_S_LMGN,DZ
N_692_S_LMGN,DZ
N_693_S_LMGN,DZ
N_696_S_LMGN,IT
N_697_S_LMGN,MK
N_698_S_LMGN,RU
N_700_S_LMGN,TR
N_704_S_LMGN,TR
N_705_S_LMGN,TR
N_708_S_LMGN,TR
N_718_S_LMGN,GE
N_720_S_LMGN,GE
N_723_S_LMGN,KZ
N_732_S_LMGN,PL
N_736_S_LMGN,HU
N_737_S_LMGN,HU
N_743_S_LMGN,PL
N_755_S_LMGN,PL
N_756_S_LMGN,PL
N_757_S_LMGN,BY
N_191_S_LMGN,RU
N_763_S_LMGN,BY
SEQ_8434_p,BY
N_764_S_LMGN,BY
N_765_S_LMGN,RU
N_768_S_LMGN,BY
N_774_S_LMGN,BY
N_776_S_LMGN,RO
N_777_S_LMGN,BY
N_783_S_LMGN,BE
N_784_S_LMGN,BE
N_785_S_LMGN,FR
N_787_S_LMGN,FR
N_792_S_LMGN,BE
N_793_S_LMGN,BE
N_796_S_LMGN,RO
N_799_S_LMGN,RS
N_801_S_LMGN,RS
N_802_S_LMGN,BG
SEQ_5769__S_LMGN,BG
N_805_S_LMGN,BG
N_806_S_LMGN,BG
N_808_S_LMGN,BG
N_809_S_LMGN,RO
N_811_S_LMGN,RO
N_812_S_LMGN,RO
N_815_S_LMGN,MD
SEQ_7021__L_LMGN,MD
N_817_S_LMGN,MD
N_819_S_LMGN,RO
N_822_S_LMGN,RO
N_824_S_LMGN,RO
N_828_S_LMGN,RU
N_832_S_LMGN,GB
N_835_S_LMGN,FR
N_836_S_LMGN,FR
N_837_S_LMGN,FR
N_839_S_LMGN,FR
N_858_S_LMGN,FR
N_864_S_LMGN,FR
N_865_S_LMGN,FR
N_866_S_LMGN,FR
N_871_S_LMGN,ES
N_872_S_LMGN,DZ
N_873_S_LMGN,DZ
N_876_S_LMGN,DZ
N_2431_S_LMGN,ES
N_879_S_LMGN,ES
N_881_S_LMGN,ES
N_883_S_LMGN,ES
N_884_S_LMGN,ES
N_885_S_LMGN,DZ
N_886_S_LMGN,DZ
N_889_S_LMGN,DZ
N_890_S_LMGN,DZ
N_893_S_LMGN,PT
N_895_S_LMGN,ES
N_896_S_LMGN,ES
N_899_S_LMGN,ES
N_910_S_LMGN,IT
N_912_S_LMGN,IT
N_916_S_LMGN,IT
SEQ_8548_p,IT
N_917_S_LMGN,IT
N_1198_S_LMGN,IT
N_922_S_LMGN,IT
N_924_S_LMGN,FR
N_926_S_LMGN,DZ
N_928_S_LMGN,DZ
N_929_S_LMGN,DZ
N_930_S_LMGN,DZ
N_931_S_LMGN,DZ
N_932_S_LMGN,DZ
N_933_S_LMGN,DZ
N_935_S_LMGN,DZ
N_940_S_LMGN,TR
N_944_S_LMGN,GE
N_945_S_LMGN,GE
N_946_S_LMGN,RU
N_947_S_LMGN,GE
N_952_S_LMGN,GE
N_953_S_LMGN,GE
N_957_S_LMGN,PL
N_966_S_LMGN,HU
N_967_S_LMGN,HU
N_972_S_LMGN,HU
N_975_S_LMGN,HU
N_977_S_LMGN,PL
N_981_S_LMGN,PL
N_982_S_LMGN,PL
N_983_S_LMGN,PL
N_984_S_LMGN,HU
N_987_S_LMGN,PL
N_992_S_LMGN,LT
N_995_S_LMGN,LT
N_997_S_LMGN,LT
N_999_S_LMGN,RU
N_1000_S_LMGN,RU
N_1002_S_LMGN,BY
N_1003_S_LMGN,BY
N_1006_S_LMGN,BY
N_1008_S_LMGN,RU
N_1012_S_LMGN,BY
N_1020_S_LMGN,BE
N_1022_S_LMGN,FR
N_1024_S_LMGN,FR
N_1025_S_LMGN,RS
N_1026_S_LMGN,RO
N_1027_S_LMGN,BG
N_1030_S_LMGN,BG
N_1032_S_LMGN,RO
N_1033_S_LMGN,RO
N_1034_S_LMGN,RO
N_1035_S_LMGN,RO
SEQ_8667_p,RO
N_1036_S_LMGN,RO
N_1038_S_LMGN,MD
N_1039_S_LMGN,RO
N_1040_S_LMGN,RO
N_1041_S_LMGN,RO
N_1043_S_LMGN,RO
N_2507_S_LMGN,RO
N_2215_S_LMGN,RO
SEQ_7559__S_LMGN,RO
N_1048_S_LMGN,RO
N_1049_S_LMGN,RO
N_1050_S_LMGN,RO
N_1051_S_LMGN,BG
N_1053_S_LMGN,TR
N_1056_S_LMGN,RU
N_1057_S_LMGN,FR
N_1058_S_LMGN,FR
N_1061_S_LMGN,FR
N_1062_S_LMGN,FR
N_1063_S_LMGN,FR
N_1064_S_LMGN,FR
N_1065_S_LMGN,FR
N_1066_S_LMGN,FR
N_1067_S_LMGN,FR
N_1068_S_LMGN,FR
N_1069_S_LMGN,FR
N_1070_S_LMGN,FR
N_1071_S_LMGN,FR
N_1072_S_LMGN,FR
N_1075_S_LMGN,FR
N_1079_S_LMGN,FR
N_1080_S_LMGN,FR
N_1081_S_LMGN,FR
N_1082_S_LMGN,FR
N_1083_S_LMGN,FR
N_1084_S_LMGN,FR
N_1086_S_LMGN,FR
N_1087_S_LMGN,FR
N_1089_S_LMGN,FR
N_1126_S_LMGN,FR
N_1128_S_LMGN,FR
SEQ_8743_p,FR
N_1130_S_LMGN,ES
N_1132_S_LMGN,DZ
N_1134_S_LMGN,DZ
N_1135_S_LMGN,DZ
N_1136_S_LMGN,DZ
N_1138_S_LMGN,ES
N_1139_S_LMGN,ES
N_1143_S_LMGN,ES
N_1145_S_LMGN,ES
N_1149_S_LMGN,FR
N_1150_S_LMGN,FR
N_1151_S_LMGN,FR
N_1152_S_LMGN,DZ
N_1153_S_LMGN,DZ
N_1155_S_LMGN,ES
N_1157_S_LMGN,FR
N_1174_S_LMGN,HR
N_1175_S_LMGN,HR
N_1177_S_LMGN,HR
N_1178_S_LMGN,IT
N_1182_S_LMGN,IT
SEQ_8777_p,IT
N_1187_S_LMGN,IT
N_1189_S_LMGN,FR
N_1190_S_LMGN,FR
N_1191_S_LMGN,IT
N_1193_S_LMGN,FR
N_1194_S_LMGN,FR
N_1196_S_LMGN,FR
INET_N_1715,IT
N_1199_S_LMGN,IT
N_1200_S_LMGN,DZ
N_1201_S_LMGN,DZ
N_1202_S_LMGN,IT
N_1203_S_LMGN,DZ
N_1205_S_LMGN,DZ
N_1206_S_LMGN,DZ
N_1220_S_LMGN,IT
N_1222_S_LMGN,TR
N_1223_S_LMGN,TR
N_547_S_LMGN,RU
Prod_57,
N_1227_S_LMGN,GE
N_1232_S_LMGN,PL
N_1233_S_LMGN,PL
N_1234_S_LMGN,PL
N_1239_S_LMGN,AT
SEQ_8973__S_LMGN,AT
N_1244_S_LMGN,RO
N_1246_S_LMGN,HR
N_1247_S_LMGN,HR
N_1254_S_LMGN,HU
SEQ_8834_p,HU
N_1260_S_LMGN,PL
N_1263_S_LMGN,PL
N_1270_S_LMGN,BY
N_1274_S_LMGN,BY
N_1275_S_LMGN,BY
N_1276_S_LMGN,RU
N_1278_S_LMGN,BY
SEQ_8867_p,BE
N_1295_S_LMGN,BE
N_1296_S_LMGN,FR
N_1297_S_LMGN,FR
N_1301_S_LMGN,FR
N_1305_S_LMGN,FR
N_1252_S_LMGN,RS
N_1308_S_LMGN,RS
N_1310_S_LMGN,BG
N_1313_S_LMGN,BG
N_1318_S_LMGN,RO
N_1319_S_LMGN,MD
N_1321_S_LMGN,RO
N_1322_S_LMGN,RO
N_1323_S_LMGN,RO
N_1325_S_LMGN,RO
N_1327_S_LMGN,RO
N_1330_S_LMGN,RO
N_1334_S_LMGN,BG
N_1335_S_LMGN,TR
N_1336_S_LMGN,TR
N_1337_S_LMGN,FR
N_1340_S_LMGN,FR
N_1341_S_LMGN,FR
N_1342_S_LMGN,FR
N_1343_S_LMGN,FR
N_1346_S_LMGN,FR
N_1349_S_LMGN,FR
N_1350_S_LMGN,FR
N_1351_S_LMGN,FR
N_1355_S_LMGN,FR
N_1357_S_LMGN,FR
N_1359_S_LMGN,FR
N_1360_S_LMGN,FR
N_1361_S_LMGN,FR
N_1362_S_LMGN,FR
N_1363_S_LMGN,FR
N_1364_S_LMGN,FR
N_1365_S_LMGN,FR
N_1367_S_LMGN,FR
N_1368_S_LMGN,FR
N_1369_S_LMGN,FR
N_1370_S_LMGN,FR
N_1371_S_LMGN,FR
N_1373_S_LMGN,FR
N_1376_S_LMGN,FR
N_1379_S_LMGN,CH
N_1407_S_LMGN,DK
N_1421_S_LMGN,CZ
N_1426_S_LMGN,FR
N_1428_S_LMGN,FR
N_1431_S_LMGN,DZ
N_1432_S_LMGN,DZ
N_1434_S_LMGN,DZ
N_1435_S_LMGN,DZ
N_1438_S_LMGN,DZ
N_1439_S_LMGN,DZ
N_1440_S_LMGN,DZ
N_1444_S_LMGN,ES
N_1450_S_LMGN,FR
N_1451_S_LMGN,FR
N_1452_S_LMGN,FR
N_1453_S_LMGN,DZ
N_1454_S_LMGN,DZ
N_1459_S_LMGN,DZ
N_1461_S_LMGN,DZ
N_1462_S_LMGN,ES
N_1468_S_LMGN,PT
INET_N_1518,ES
N_1473_S_LMGN,PT
N_1475_S_LMGN,IT
N_1482_S_LMGN,HR
N_1483_S_LMGN,HR
N_1493_S_LMGN,IT
N_1499_S_LMGN,FR
N_1500_S_LMGN,FR
N_1501_S_LMGN,FR
N_1502_S_LMGN,FR
N_1503_S_LMGN,FR
N_1507_S_LMGN,IT
N_1508_S_LMGN,FR
N_1510_S_LMGN,DZ
N_1512_S_LMGN,DZ
N_1517_S_LMGN,IT
N_1520_S_LMGN,IT
N_1526_S_LMGN,IT
N_1527_S_LMGN,IT
N_1528_S_LMGN,IT
N_1535_S_LMGN,GE
N_1538_S_LMGN,PL
N_1540_S_LMGN,PL
N_1543_S_LMGN,PL
N_1546_S_LMGN,PL
INET_N_1843,PL
N_1558_S_LMGN,HR
N_1559_S_LMGN,HR
N_1560_S_LMGN,HU
N_1561_S_LMGN,HU
N_1562_S_LMGN,HR
N_1563_S_LMGN,HR
N_1566_S_LMGN,HU
N_1567_S_LMGN,HU
N_1568_S_LMGN,HR
N_1569_S_LMGN,HU
N_1570_S_LMGN,HU
N_1572_S_LMGN,PL
N_1575_S_LMGN,HU
N_1576_S_LMGN,CZ
SEQ_9093_p,HU
N_1580_S_LMGN,RS
N_1582_S_LMGN,HU
N_1583_S_LMGN,PL
N_1593_S_LMGN,HU
N_1594_S_LMGN,HU
SEQ_9126_p,PL
N_1596_S_LMGN,PL
N_1599_S_LMGN,PL
N_1603_S_LMGN,BY
SEQ_9130_p,BY
N_1606_S_LMGN,BY
N_1608_S_LMGN,NL
N_1613_S_LMGN,NL
N_1617_S_LMGN,BE
N_1620_S_LMGN,BE
N_1621_S_LMGN,FR
N_1622_S_LMGN,FR
N_1628_S_LMGN,FR
N_1630_S_LMGN,FR
N_1633_S_LMGN,FR
N_1634_S_LMGN,BE
N_1637_S_LMGN,FR
N_1639_S_LMGN,FR
N_1640_S_LMGN,FR
N_1642_S_LMGN,FR
N_1644_S_LMGN,FR
N_1645_S_LMGN,CH
N_1646_S_LMGN,CH
N_1648_S_LMGN,FR
N_1651_S_LMGN,FR
N_1652_S_LMGN,RS
N_1654_S_LMGN,RS
N_1656_S_LMGN,BG
N_1658_S_LMGN,BG
N_1660_S_LMGN,BG
N_1667_S_LMGN,RO
N_1668_S_LMGN,RO
N_1669_S_LMGN,RO
N_1670_S_LMGN,RO
N_1672_S_LMGN,BG
N_1673_S_LMGN,TR
N_1676_S_LMGN,TR
N_1680_S_LMGN,FR
N_1682_S_LMGN,FR
N_1685_S_LMGN,FR
N_1687_S_LMGN,FR
N_1688_S_LMGN,FR
SEQ_9215_p,FR
N_1694_S_LMGN,FR
N_1695_S_LMGN,FR
N_1697_S_LMGN,FR
N_1701_S_LMGN,FR
N_1702_S_LMGN,FR
N_1703_S_LMGN,FR
N_1706_S_LMGN,FR
N_1707_S_LMGN,FR
N_1709_S_LMGN,FR
N_1710_S_LMGN,FR
N_1712_S_LMGN,FR
N_1715_S_LMGN,FR
N_1720_S_LMGN,FR
N_1721_S_LMGN,FR
N_1722_S_LMGN,FR
N_1723_S_LMGN,FR
N_1727_S_LMGN,FR
N_1728_S_LMGN,FR
N_1730_S_LMGN,FR
N_1731_S_LMGN,FR
N_1733_S_LMGN,FR
N_1765_S_LMGN,BE
N_1781_S_LMGN,PL
N_1796_S_LMGN,DZ
N_1797_S_LMGN,DZ
N_1800_S_LMGN,DZ
N_1801_S_LMGN,DZ
N_1803_S_LMGN,ES
N_1806_S_LMGN,ES
N_1808_S_LMGN,FR
N_1809_S_LMGN,FR
N_1810_S_LMGN,FR
SEQ_9283_p,FR
N_1811_S_LMGN,FR
N_1812_S_LMGN,DZ
N_1814_S_LMGN,DZ
N_1815_S_LMGN,DZ
N_1816_S_LMGN,DZ
N_1817_S_LMGN,ES
N_1819_S_LMGN,FR
N_1822_S_LMGN,PT
N_1824_S_LMGN,ES
N_1831_S_LMGN,IT
N_1835_S_LMGN,HR
N_1836_S_LMGN,HR
N_1840_S_LMGN,IT
N_1841_S_LMGN,IT
N_1846_S_LMGN,IT
N_1853_S_LMGN,FR
N_1854_S_LMGN,FR
N_1857_S_LMGN,FR
N_1858_S_LMGN,FR
N_1860_S_LMGN,CH
N_1861_S_LMGN,CH
N_1865_S_LMGN,IT
N_1870_S_LMGN,FR
N_1873_S_LMGN,FR
N_1874_S_LMGN,FR
N_1876_S_LMGN,TN
N_1880_S_LMGN,DZ
N_1885_S_LMGN,IT
N_1886_S_LMGN,IT
N_1895_S_LMGN,RU
SEQ_9389_p,RU
N_1899_S_LMGN,AT
N_1900_S_LMGN,AT
N_959_S_LMGN,SI
N_1901_S_LMGN,SI
N_1905_S_LMGN,SI
N_1908_S_LMGN,SI
INET_N_680,CZ
N_1914_S_LMGN,HU
N_1916_S_LMGN,HU
N_1917_S_LMGN,HU
N_1918_S_LMGN,PL
N_1919_S_LMGN,PL
N_1921_S_LMGN,PL
N_1922_S_LMGN,PL
N_1926_S_LMGN,PL
SEQ_9444_p,PL
N_1928_S_LMGN,PL
N_1930_S_LMGN,PL
N_1932_S_LMGN,BY
N_1933_S_LMGN,BY
N_1934_S_LMGN,BY
N_1938_S_LMGN,FR
N_1939_S_LMGN,FR
SEQ_9457_p,FR
N_1942_S_LMGN,FR
N_1945_S_LMGN,FR
N_1947_S_LMGN,FR
N_1952_S_LMGN,FR
N_1955_S_LMGN,FR
N_1956_S_LMGN,RS
N_1957_S_LMGN,RS
N_1959_S_LMGN,RO
N_1961_S_LMGN,BG
N_1962_S_LMGN,BG
N_1963_S_LMGN,RO
N_1965_S_LMGN,RO
N_1972_S_LMGN,BG
N_1973_S_LMGN,BG
N_1978_S_LMGN,TR
N_1979_S_LMGN,FR
N_1980_S_LMGN,FR
N_1983_S_LMGN,FR
N_1989_S_LMGN,FR
N_1990_S_LMGN,FR
N_1992_S_LMGN,FR
N_1994_S_LMGN,FR
N_1995_S_LMGN,FR
N_1996_S_LMGN,FR
N_1997_S_LMGN,FR
N_1999_S_LMGN,FR
N_2003_S_LMGN,FR
N_2005_S_LMGN,FR
N_2006_S_LMGN,FR
N_2007_S_LMGN,FR
N_2012_S_LMGN,FR
SEQ_9522_p,FR
N_2016_S_LMGN,FR
N_2018_S_LMGN,FR
N_2019_S_LMGN,FR
N_2021_S_LMGN,FR
N_2023_S_LMGN,FR
N_2026_S_LMGN,FR
N_2044_S_LMGN,CZ
N_2066_S_LMGN,PL
N_2073_S_LMGN,FR
N_2076_S_LMGN,DZ
N_2080_S_LMGN,ES
N_2081_S_LMGN,DZ
N_2082_S_LMGN,DZ
N_2084_S_LMGN,FR
N_2085_S_LMGN,FR
N_2086_S_LMGN,FR
N_2087_S_LMGN,FR
N_2089_S_LMGN,ES
N_2090_S_LMGN,DZ
N_2091_S_LMGN,ES
SEQ_9565_p,ES
N_2094_S_LMGN,FR
N_2096_S_LMGN,DZ
N_2101_S_LMGN,HR
SEQ_9575_p,HR
INET_N_897,IT
N_2115_S_LMGN,FR
N_2116_S_LMGN,FR
N_2118_S_LMGN,FR
N_2119_S_LMGN,FR
SEQ_9592_p,CH
N_2126_S_LMGN,CH
N_2130_S_LMGN,DZ
N_2131_S_LMGN,DZ
N_2133_S_LMGN,DZ
N_2149_S_LMGN,PL
N_2150_S_LMGN,PL
N_2153_S_LMGN,AT
N_2154_S_LMGN,AT
N_2159_S_LMGN,HU
N_2161_S_LMGN,HU
N_2163_S_LMGN,HR
N_2164_S_LMGN,HU
N_2166_S_LMGN,PL
N_2170_S_LMGN,LT
N_2175_S_LMGN,LV
N_2177_S_LMGN,BY
N_2180_S_LMGN,BY
N_2185_S_LMGN,BE
N_2186_S_LMGN,FR
N_2187_S_LMGN,FR
N_2198_S_LMGN,FR
N_2200_S_LMGN,FR
N_2201_S_LMGN,FR
N_2202_S_LMGN,FR
N_2204_S_LMGN,RS
N_2206_S_LMGN,RS
N_2208_S_LMGN,BG
N_2209_S_LMGN,BG
N_2211_S_LMGN,BG
N_2212_S_LMGN,BG
N_2218_S_LMGN,RO
N_1664_S_LMGN,RO
N_2220_S_LMGN,RO
N_2222_S_LMGN,RO
N_2223_S_LMGN,RO
N_2224_S_LMGN,RO
N_2225_S_LMGN,TR
N_2227_S_LMGN,TR
N_2228_S_LMGN,FR
N_2229_S_LMGN,FR
N_2230_S_LMGN,FR
N_2232_S_LMGN,FR
N_2233_S_LMGN,FR
N_2236_S_LMGN,FR
N_2241_S_LMGN,FR
N_2245_S_LMGN,FR
N_2248_S_LMGN,FR
SEQ_9713_p,FR
N_2252_S_LMGN,FR
N_2255_S_LMGN,FR
N_2258_S_LMGN,FR
N_2259_S_LMGN,FR
N_2289_S_LMGN,PL
N_2294_S_LMGN,DZ
N_2295_S_LMGN,DZ
N_2296_S_LMGN,DZ
N_2297_S_LMGN,DZ
N_2298_S_LMGN,FR
N_2300_S_LMGN,FR
N_2301_S_LMGN,FR
N_2313_S_LMGN,AT
N_2314_S_LMGN,FR
N_2316_S_LMGN,FR
N_2317_S_LMGN,FR
N_2319_S_LMGN,FR
N_2322_S_LMGN,FR
N_2324_S_LMGN,FR
N_2325_S_LMGN,FR
N_2326_S_LMGN,FR
N_2332_S_LMGN,FR
N_2334_S_LMGN,FR
N_2335_S_LMGN,IT
Prod_7,UA
N_2342_S_LMGN,
SEQ_18013__S_LMGN,
N_2343_S_LMGN,GE
N_2345_S_LMGN,PL
N_2347_S_LMGN,PL
N_2348_S_LMGN,PL
N_2349_S_LMGN,PL
N_2359_S_LMGN,PL
N_1010_S_LMGN,BY
N_2361_S_LMGN,FR
N_2362_S_LMGN,FR
N_2370_S_LMGN,FR
N_2371_S_LMGN,FR
N_2372_S_LMGN,FR
N_2376_S_LMGN,RO
N_2377_S_LMGN,RO
N_2385_S_LMGN,FR
SEQ_9826_p,FR
N_2387_S_LMGN,FR
N_2400_S_LMGN,FR
N_2404_S_LMGN,FR
N_2405_S_LMGN,FR
N_2406_S_LMGN,FR
N_2407_S_LMGN,FR
N_1748_S_LMGN,FR
N_2411_S_LMGN,CH
N_2412_S_LMGN,CH
N_2418_S_LMGN,CZ
N_2425_S_LMGN,FR
N_2427_S_LMGN,DZ
N_2428_S_LMGN,DZ
N_2429_S_LMGN,DZ
N_2432_S_LMGN,FR
N_2433_S_LMGN,FR
N_1726_S_LMGN,FR
INET_N_530,ES
N_2440_S_LMGN,FR
N_2441_S_LMGN,FR
N_2445_S_LMGN,FR
N_2448_S_LMGN,IT
SEQ_9868_p,IT
N_2450_S_LMGN,IT
N_2451_S_LMGN,IT
N_2453_S_LMGN,IT
N_2454_S_LMGN,FR
N_2456_S_LMGN,FR
N_2457_S_LMGN,CH
N_2459_S_LMGN,CH
N_2461_S_LMGN,CH
N_2465_S_LMGN,FR
N_2466_S_LMGN,FR
N_2468_S_LMGN,DZ
N_2469_S_LMGN,IT
N_2473_S_LMGN,IT
N_2475_S_LMGN,PL
N_2480_S_LMGN,SI
N_2481_S_LMGN,AT
N_2489_S_LMGN,HU
N_2490_S_LMGN,HU
N_2498_S_LMGN,FR
N_2500_S_LMGN,RS
N_2502_S_LMGN,RS
N_2505_S_LMGN,RO
N_2509_S_LMGN,FR
N_2510_S_LMGN,FR
N_2513_S_LMGN,FR
N_2517_S_LMGN,FR
N_1076_S_LMGN,FR
N_2519_S_LMGN,FR
N_2520_S_LMGN,FR
N_2521_S_LMGN,FR
N_2522_S_LMGN,FR
N_2524_S_LMGN,FR
N_2529_S_LMGN,FR
N_2531_S_LMGN,FR
N_2057_S_LMGN,PL
N_2542_S_LMGN,PL
N_2549_S_LMGN,DZ
N_2550_S_LMGN,DZ
N_2552_S_LMGN,DZ
N_2555_S_LMGN,FR
N_2557_S_LMGN,IT
N_2560_S_LMGN,IT
N_2561_S_LMGN,CH
N_2567_S_LMGN,FR
N_2568_S_LMGN,FR
N_2572_S_LMGN,PL
N_2577_S_LMGN,SI
N_2578_S_LMGN,HU
INET_N_1208,HR
N_2584_S_LMGN,HU
N_2585_S_LMGN,HU
N_2591_S_LMGN,BY
N_2595_S_LMGN,FR
SEQ_10032_p,FR
N_2597_S_LMGN,RS
N_2598_S_LMGN,HU
N_2599_S_LMGN,HU
N_2602_S_LMGN,FR
N_2604_S_LMGN,FR
N_2609_S_LMGN,FR
N_2611_S_LMGN,FR
N_2613_S_LMGN,FR
N_2614_S_LMGN,FR
INET_N_1172,ES
N_2619_S_LMGN,FR
N_2620_S_LMGN,FR
N_2624_S_LMGN,FR
N_2640_S_LMGN,FR
N_2515_S_LMGN,FR
N_2652_S_LMGN,FR
N_2653_S_LMGN,FR
N_2657_S_LMGN,CH
N_2659_S_LMGN,PL
N_2661_S_LMGN,PL
N_2663_S_LMGN,DZ
N_2664_S_LMGN,FR
SEQ_10098_p,HU
N_2672_S_LMGN,HU
N_2674_S_LMGN,CZ
N_2677_S_LMGN,EE
N_2678_S_LMGN,FR
N_2680_S_LMGN,RS
N_2682_S_LMGN,RO
N_2684_S_LMGN,FR
N_2685_S_LMGN,FR
N_2688_S_LMGN,PL
N_2689_S_LMGN,PL
N_2691_S_LMGN,CH
N_2694_S_LMGN,HU
INET_N_783,HU
Stor_EU_18,HU
INET_N_137,RS
N_2699_S_LMGN,RS
N_2700_S_LMGN,RS
N_2701_S_LMGN,RO
N_2705_S_LMGN,RS
N_2706_S_LMGN,FR
N_2714_S_LMGN,PL
N_2716_S_LMGN,PL
SEQ_10158_p,RO
N_153_NS_LMGN,NL
N_151_NS_LMGN,NL
N_3_NS_LMGN,FR
N_14_NS_LMGN,NL
N_34_NS_LMGN,
N_35_NS_LMGN,GB
N_40_NS_LMGN,
N_59_NS_LMGN,
N_73_NS_LMGN,
N_76_NS_LMGN,
N_77_NS_LMGN,
N_114_NS_LMGN,
N_82_NS_LMGN,
N_83_NS_LMGN,
N_84_NS_LMGN,
N_204_NS_LMGN,
SEQ_10217_p,
SEQ_10483_p,
N_88_NS_LMGN,DE
N_184_NS_LMGN,
SEQ_10234_p,
N_136_NS_LMGN,
N_175_NS_LMGN,
N_96_NS_LMGN,
N_97_NS_LMGN,
Prod_72,
Prod_69,
N_101_NS_LMGN,
N_104_NS_LMGN,
SEQ_10250_p,
N_107_NS_LMGN,
N_108_NS_LMGN,GB
N_109_NS_LMGN,
N_48_NS_LMGN,NO
N_126_NS_LMGN,
N_65_NS_LMGN,
SEQ_10285_p,
Prod_93,
N_38_NS_LMGN,NO
Prod_54,
N_138_NS_LMGN,
N_139_NS_LMGN,
N_147_NS_LMGN,
N_149_NS_LMGN,
N_150_NS_LMGN,NL
N_159_NS_LMGN,
N_181_NS_LMGN,
N_183_NS_LMGN,
N_250_NS_LMGN,
N_194_NS_LMGN,
N_141_NS_LMGN,
N_198_NS_LMGN,
N_199_NS_LMGN,
SEQ_10356_p,
N_201_NS_LMGN,
N_146_NS_LMGN,
N_211_NS_LMGN,
N_41_NS_LMGN,
N_218_NS_LMGN,
Prod_20,
N_226_NS_LMGN,
N_219_NS_LMGN,
N_315_NS_LMGN,
N_119_NS_LMGN,
N_75_NS_LMGN,
N_72_NS_LMGN,
N_255_NS_LMGN,
N_256_NS_LMGN,
Prod_83,
N_220_NS_LMGN,
N_214_NS_LMGN,
N_91_NS_LMGN,
N_276_NS_LMGN,GB
N_317_NS_LMGN,GB
N_280_NS_LMGN,
N_244_NS_LMGN,
N_270_L_LMGN,GB
N_294_NS_LMGN,
N_297_NS_LMGN,
N_298_NS_LMGN,
N_302_NS_LMGN,
Prod_46,
N_49_NS_LMGN,
Prod_22,
Prod_39,
Prod_48,
Prod_96,
Prod_68,
Prod_60,
Prod_61,
N_301_M_LMGN,IE
Prod_12,IE
Prod_56,
Prod_65,
Prod_86,
Prod_42,
Prod_64,
Prod_79,GB
N_22_NS_LMGN,
Prod_84,
Prod_29,
Prod_36,TR
Prod_66,
Prod_10,
Prod_13,
Prod_71,
N_29_NS_LMGN,
Prod_21,
Prod_19,
Prod_14,
INET_N_1430,IT
SEQ_7743__M_LMGN,PL
N_1294_S_LMGN,BE
Stor_EU_17,PL
INET_N_216,IT
INET_N_750,FR
Stor_EU_117,NL
Stor_EU_116,SK
Stor_EU_30,AT
Stor_EU_51,ES
Stor_EU_48,FR
INET_N_1027,ES
Stor_EU_82,AT
Stor_EU_28,RO
Stor_EU_43,FR
Stor_EU_1,GB
Stor_EU_70,CZ
INET_N_304,FR
Stor_EU_39,IE
Stor_EU_74,NL
Stor_EU_72,AT
Stor_EU_24,RO
N_2631_S_LMGN,AT
Stor_EU_108,AT
INET_N_374,PL
Stor_EU_9,ES
Stor_EU_120,GB
INET_N_325,BG
Stor_EU_47,SE
Stor_EU_79,RO
Stor_NonEU_26,UA
Stor_NonEU_13,BY
Stor_NonEU_2,RU
Stor_NonEU_20,RU
Stor_NonEU_47,RU
Stor_NonEU_41,RU
Stor_NonEU_39,TR
Stor_NonEU_9,UA
Stor_NonEU_3,KZ
Stor_NonEU_35,RU
Stor_NonEU_25,RU
Stor_NonEU_15,RU
Stor_NonEU_36,RU
Stor_NonEU_27,RU
Stor_NonEU_22,RU
Stor_NonEU_34,RU
Stor_NonEU_46,RU
Stor_NonEU_45,RU
Stor_NonEU_40,RU
Stor_NonEU_14,RU
Stor_NonEU_12,RU
Stor_NonEU_43,RU
LKD_N_0,DE
SEQ_10607_p,NL
SEQ_10608_p,DE
LKD_N_1,DE
LKD_N_2,DE
LKD_N_3,DE
LKD_N_4,DE
LKD_N_5,DE
LKD_N_7,DE
LKD_N_8,DE
LKD_N_9,DE
LKD_N_10,DE
LKD_N_11,DE
LKD_N_12,DE
LKD_N_13,DE
LKD_N_14,DE
LKD_N_16,DE
LKD_N_17,DE
SEQ_10631_p,DE
LKD_N_20,DE
SEQ_10637_p,DE
LKD_N_21,DE
LKD_N_23,DE
LKD_N_25,DE
LKD_N_26,DE
LKD_N_27,DE
LKD_N_28,DE
LKD_N_29,DE
LKD_N_30,DE
LKD_N_31,DE
LKD_N_32,DE
LKD_N_35,DE
LKD_N_36,DE
LKD_N_37,DE
LKD_N_38,DE
LKD_N_39,DE
LKD_N_40,DE
LKD_N_41,DE
LKD_N_42,DE
LKD_N_43,DE
LKD_N_44,DE
LKD_N_45,DE
LKD_N_46,DE
LKD_N_47,DE
SEQ_10684_p,DE
LKD_N_48,DE
LKD_N_49,DE
LKD_N_50,DE
SEQ_10691_p,DE
LKD_N_51,DE
LKD_N_52,DE
SEQ_10696_p,DE
LKD_N_53,DE
LKD_N_54,DE
LKD_N_55,DE
LKD_N_56,DE
SEQ_10715_p,DE
SEQ_10716_p,DE
LKD_N_57,DE
LKD_N_58,DE
LKD_N_59,DE
LKD_N_60,DE
LKD_N_61,DE
SEQ_10729_p,DE
LKD_N_64,DE
LKD_N_65,DE
LKD_N_66,DE
SEQ_10735_p,DE
LKD_N_67,DE
SEQ_10741_p,DE
LKD_N_69,DE
LKD_N_70,DE
LKD_N_71,DE
LKD_N_72,DE
LKD_N_74,DE
LKD_N_75,DE
LKD_N_76,DE
SEQ_10759_p,DE
SEQ_10764_p,DE
LKD_N_80,DE
LKD_N_83,DE
INET_N_399,DE
LKD_N_87,DE
LKD_N_88,DE
LKD_N_91,DE
SEQ_10807_p,DE
SEQ_10819_p,DE
LKD_N_93,DE
SEQ_10839_p,DE
SEQ_10840_p,DE
LKD_N_94,DE
LKD_N_95,DE
LKD_N_97,DE
SEQ_10851_p,DE
LKD_N_98,DE
LKD_N_100,DE
LKD_N_101,DE
SEQ_10862_p,DE
SEQ_10863_p,DE
SEQ_10864_p,DE
SEQ_10865_p,DE
SEQ_10868_p,DE
SEQ_10869_p,DE
LKD_N_103,DE
LKD_N_104,DE
LKD_N_108,DE
SEQ_10880_p,DE
LKD_N_109,DE
SEQ_10883_p,DE
SEQ_10891_p,DE
LKD_N_111,DE
LKD_N_113,DE
LKD_N_114,DE
SEQ_10897_p,DE
INET_N_652,DE
SEQ_10905_p,DE
SEQ_10911_p,DE
LKD_N_116,DE
LKD_N_117,DE
LKD_N_118,DE
LKD_N_122,DE
LKD_N_123,DE
LKD_N_124,DE
LKD_N_125,DE
LKD_N_126,DE
LKD_N_127,DE
LKD_N_128,DE
LKD_N_129,DE
SEQ_10933_p,DE
LKD_N_130,DE
LKD_N_131,DE
LKD_N_132,DE
LKD_N_133,DE
SEQ_10960_p,DE
LKD_N_134,DE
LKD_N_135,DE
LKD_N_137,DE
LKD_N_138,DE
LKD_N_141,DE
LKD_N_142,DE
LKD_N_143,DE
LKD_N_144,DE
LKD_N_145,DE
LKD_N_146,DE
LKD_N_147,DE
LKD_N_148,DE
LKD_N_149,DE
LKD_N_150,DE
LKD_N_151,DE
LKD_N_152,DE
LKD_N_153,DE
LKD_N_155,DE
LKD_N_156,DE
LKD_N_157,DE
LKD_N_158,DE
LKD_N_159,DE
LKD_N_161,DE
LKD_N_163,DE
LKD_N_164,DE
LKD_N_165,DE
LKD_N_166,DE
SEQ_11030_p,DE
LKD_N_167,DE
LKD_N_168,DE
SEQ_11041_p,DE
LKD_N_169,DE
LKD_N_170,DE
LKD_N_172,DE
LKD_N_173,DE
LKD_N_174,DE
LKD_N_175,DE
LKD_N_176,DE
INET_N_813,DE
LKD_N_178,DE
LKD_N_181,DE
LKD_N_182,DE
LKD_N_183,DE
LKD_N_184,DE
LKD_N_185,DE
LKD_N_186,DE
LKD_N_187,DE
LKD_N_188,DE
LKD_N_189,DE
LKD_N_190,DE
LKD_N_191,DE
LKD_N_192,DE
LKD_N_193,DE
LKD_N_194,DE
LKD_N_195,DE
SEQ_11091_p,DE
LKD_N_196,DE
LKD_N_197,DE
LKD_N_198,DE
LKD_N_199,DE
LKD_N_200,DE
LKD_N_201,DE
LKD_N_202,DE
LKD_N_203,DE
LKD_N_205,DE
LKD_N_206,DE
LKD_N_207,DE
LKD_N_209,DE
LKD_N_210,DE
LKD_N_213,DE
LKD_N_214,DE
INET_N_212,DE
SEQ_11138_p,DE
LKD_N_218,DE
SEQ_11142_p,DE
LKD_N_219,DE
LKD_N_220,DE
LKD_N_222,DE
LKD_N_223,DE
LKD_N_224,DE
SEQ_11163_p,DE
LKD_N_225,DE
SEQ_11167_p,DE
LKD_N_227,DE
LKD_N_229,DE
LKD_N_231,DE
SEQ_11201_p,DE
LKD_N_232,DE
SEQ_11211_p,DE
SEQ_11216_p,DE
SEQ_11218_p,DE
LKD_N_238,DE
LKD_N_240,DE
LKD_N_241,DE
LKD_N_243,DE
LKD_N_244,DE
LKD_N_245,DE
LKD_N_246,DE
SEQ_11240_p,DE
LKD_N_248,DE
LKD_N_251,DE
LKD_N_254,DE
LKD_N_255,DE
INET_N_454,DE
LKD_N_257,DE
SEQ_11255_p,DE
SEQ_11257_p,DE
LKD_N_258,DE
LKD_N_260,DE
LKD_N_261,DE
LKD_N_264,DE
LKD_N_266,DE
LKD_N_268,DE
LKD_N_271,DE
SEQ_11282_p,DE
SEQ_11284_p,DE
LKD_N_272,DE
LKD_N_273,DE
LKD_N_283,DE
SEQ_11296_p,DE
SEQ_11308_p,DE
SEQ_11314_p,DE
LKD_N_293,DE
LKD_N_294,DE
LKD_N_295,DE
LKD_N_297,DE
LKD_N_298,DE
INET_N_1846,DE
LKD_N_304,DE
LKD_N_307,DE
LKD_N_612,DE
LKD_N_314,DE
SEQ_11366_p,DE
SEQ_11369_p,DE
LKD_N_316,DE
SEQ_11378_p,DE
SEQ_11382_p,DE
LKD_N_317,DE
SEQ_11392_p,DE
LKD_N_320,DE
SEQ_11412_p,DE
SEQ_11419_p,DE
SEQ_11428_p,DE
LKD_N_324,DE
LKD_N_326,DE
LKD_N_327,DE
LKD_N_329,DE
LKD_N_332,DE
LKD_N_333,DE
SEQ_11444_p,DE
LKD_N_517,DE
LKD_N_343,DE
LKD_N_347,DE
LKD_N_348,DE
LKD_N_350,DE
LKD_N_354,DE
SEQ_11459_p,DE
LKD_N_357,DE
LKD_N_359,DE
LKD_N_360,DE
LKD_N_362,DE
LKD_N_363,DE
LKD_N_367,DE
LKD_N_368,DE
LKD_N_372,DE
LKD_N_378,DE
LKD_N_379,DE
LKD_N_380,DE
LKD_N_383,DE
LKD_N_384,DE
SEQ_11500_p,DE
LKD_N_386,DE
SEQ_11507_p,DE
LKD_N_387,DE
LKD_N_391,DE
LKD_N_394,DE
LKD_N_398,DE
LKD_N_400,DE
LKD_N_401,DE
LKD_N_403,DE
LKD_N_405,DE
LKD_N_411,DE
SEQ_11539_p,DE
LKD_N_418,DE
SEQ_11549_p,DE
LKD_N_421,DE
SEQ_11551_p,DE
SEQ_11552_p,DE
INET_N_38,DE
LKD_N_423,DE
LKD_N_425,DE
LKD_N_428,DE
LKD_N_430,DE
LKD_N_433,DE
LKD_N_436,DE
LKD_N_438,DE
LKD_N_441,DE
LKD_N_444,DE
LKD_N_446,DE
LKD_N_448,DE
LKD_N_453,DE
LKD_N_456,DE
LKD_N_457,DE
LKD_N_458,DE
LKD_N_459,DE
LKD_N_463,DE
SEQ_11606_p,DE
LKD_N_464,DE
LKD_N_466,DE
LKD_N_467,DE
LKD_N_468,DE
LKD_N_469,DE
LKD_N_471,DE
LKD_N_472,DE
SEQ_11627_p,DE
LKD_N_475,DE
LKD_N_474,DE
LKD_N_478,DE
LKD_N_480,DE
LKD_N_481,DE
LKD_N_484,DE
LKD_N_487,DE
LKD_N_489,DE
LKD_N_490,DE
LKD_N_491,DE
LKD_N_492,DE
SEQ_11661_p,DE
LKD_N_493,DE
LKD_N_494,DE
LKD_N_495,DE
LKD_N_496,DE
LKD_N_498,DE
LKD_N_499,DE
LKD_N_501,DE
LKD_N_503,DE
LKD_N_506,DE
LKD_N_507,DE
LKD_N_508,DE
LKD_N_509,DE
LKD_N_510,DE
LKD_N_513,DE
SEQ_11690_p,DE
LKD_N_516,DE
LKD_N_518,DE
LKD_N_521,DE
LKD_N_524,DE
LKD_N_530,DE
SEQ_11702_p,DE
LKD_N_527,DE
LKD_N_531,DE
LKD_N_532,DE
SEQ_11712_p,DE
LKD_N_535,DE
LKD_N_538,DE
LKD_N_539,DE
LKD_N_540,DE
LKD_N_542,DE
LKD_N_547,DE
LKD_N_549,DE
LKD_N_570,DE
SEQ_11773_p,DE
LKD_N_576,DE
SEQ_11794_p,DE
SEQ_11795_p,DE
SEQ_11798_p,DE
SEQ_11800_p,DE
SEQ_11803_p,DE
SEQ_11804_p,DE
LKD_N_581,DE
LKD_N_584,DE
LKD_N_586,DE
SEQ_11816_p,DE
INET_N_555,DE
LKD_N_593,DE
LKD_N_595,DE
LKD_N_598,DE
LKD_N_601,DE
LKD_N_604,DE
LKD_N_609,DE
LKD_N_613,DE
LKD_N_614,DE
LKD_N_618,DE
LKD_N_620,DE
LKD_N_623,DE
LKD_N_624,DE
LKD_N_626,DE
LKD_N_628,DE
LKD_N_630,DE
LKD_N_631,DE
LKD_N_635,DE
LKD_N_639,DE
LKD_N_641,DE
SEQ_11877_p,DE
LKD_N_647,DE
LKD_N_649,DE
LKD_N_652,DE
LKD_N_657,DE
SEQ_11888_p,DE
SEQ_11889_p,DE
LKD_N_662,DE
SEQ_11905_p,CZ
LKD_N_680,DE
LKD_N_682,DE
LKD_N_683,DE
LKD_N_685,DE
LKD_N_687,DE
LKD_N_688,DE
LKD_N_690,DE
LKD_N_691,DE
LKD_N_696,DE
LKD_N_697,DE
LKD_N_698,DE
SEQ_11945_p,DE
LKD_N_699,DE
LKD_N_700,DE
LKD_N_701,DE
LKD_N_702,DE
LKD_N_703,DE
SEQ_11987_p,DE
INET_N_1182,DE
SEQ_12011_p,DE
SEQ_12081_p,
NO_N_15,
NO_N_32,
NO_N_3,
N_23_NS_LMGN,NO
SEQ_12138_p,
NO_N_7,
NO_N_29,NO
SEQ_12147_p,
NO_N_17,
NO_N_18,
NO_N_57,
SEQ_12265_p,
NO_N_61,
SEQ_12254_p,
NO_N_62,NO
NO_N_43,
NO_N_46,GB
NO_N_12,
NO_N_55,
SEQ_12331_p,
NO_N_56,
SEQ_12344_p,
SEQ_12405_p,
N_47_NS_LMGN,NO
SEQ_12442_p,DE
NO_N_20,DE
SEQ_12504_p,
NO_N_59,
SEQ_11790_p,DE
INET_N_1432,IT
SEQ_911__G_LMGN,DE
Stor_NonEU_42,RU
Stor_EU_75,FR
SEQ_17489__S_LMGN,DE
INET_N_476,DE
INET_N_1240,DE
INET_N_1808,DE
SEQ_12027_p,DE
GIE_N_60,DE
INET_N_508,FR
INET_N_581,DE
Stor_EU_23,RO
N_2287_S_LMGN,DE
INET_N_345,IT
SEQ_1024_p,NL
SEQ_11418_p,DE
N_14_G_LMGN,DE
Stor_NonEU_8,
Stor_NonEU_49,UA
INET_N_364,FR
INET_N_674,GB
INET_N_702,DE
INET_N_1450,RO
INET_N_256,PL
Stor_EU_126,DE
GSE_N_117,DE
INET_N_929,SK
INET_N_1412,FR
INET_N_344,IT
INET_N_760,DE
INET_N_1584,PL
INET_N_1662,FR
Stor_NonEU_38,UA
INET_N_480,NL
INET_N_1209,BY
Stor_NonEU_29,RU
INET_N_509,DE
INET_N_1559,DK
INET_N_334,IT
INET_N_623,HR
LKD_N_515,DE
N_707_M_LMGN,CZ
INET_N_1652,CZ
Stor_EU_115,DE
INET_N_1071,IT
INET_N_1461,AT
IGU_N_134,UA
INET_N_314,FR
Stor_EU_95,CZ
INET_N_1519,FR
INET_N_685,GB
INET_N_874,DE
INET_N_90,GB
SEQ_3341_p,BY
INET_N_1107,BY
INET_N_636,AT
Stor_NonEU_30,UA
INET_N_1820,DE
Stor_NonEU_7,TR
Stor_NonEU_24,UA
INET_N_686,GB
GIE_N_135,UA
SEQ_1164_p,FR
SEQ_152_p,UA
SEQ_811_p,CZ
INET_N_1671,CZ
SEQ_6384_p,LV
INET_N_720,LV
INET_N_1639,AT
INET_N_1437,DE
INET_N_1080,DE
Stor_EU_101,DE
INET_N_1845,HU
INET_N_1017,FR
Stor_EU_88,DE
Stor_NonEU_48,RU
INET_N_639,HU
INET_N_213,PL
SEQ_8125__S_LMGN,FR
INET_N_0,AT
INET_N_300,GB
Stor_EU_35,
Stor_NonEU_1,RU
INET_N_1318,HU
LKD_N_90,AT
Stor_NonEU_19,RU
INET_N_1670,TR
INET_N_1605,RO
Stor_NonEU_11,RU
INET_N_832,DE
INET_N_27,GB
INET_N_405,ES
INET_N_1550,DE
INET_N_580,FR
Stor_NonEU_16,UA
SEQ_10756_p,DE
Stor_EU_96,DE
INET_N_1567,CZ
Stor_NonEU_23,RU
INET_N_992,FR
INET_N_1497,TR
IGU_N_137,UA
Stor_NonEU_33,RU
INET_N_20,AT
SEQ_8225_p,UA
Stor_NonEU_17,UA
INET_N_655,GB
GIE_N_142,UA
Stor_NonEU_18,RU
SEQ_2007_p,CZ
INET_N_1508,SE
INET_N_189,RO
INET_N_308,RO
GIE_N_145,UA
INET_N_286,PT
IGU_N_125,RU
GSE_N_132,IT
INET_N_182,FR
INET_N_956,DK
INET_N_1710,RO
IGU_N_138,UA
INET_N_585,RO
INET_N_126,RO
SEQ_1379_p,ES
GSE_N_186,ES
Stor_EU_125,DE
INET_N_172,DE
SEQ_4451__S_LMGN,DE
Stor_EU_107,DE
IGU_N_136,UA
IGU_N_151,RU
INET_N_700,GB
IGU_N_153,RU
INET_N_1377,CZ
INET_N_1134,RU
IGU_N_154,RU
IGU_N_126,RU
SEQ_6155_p,IE
IGU_N_110,IE
IGU_N_140,UA
GIE_N_136,UA
INET_N_771,RU
SEQ_7584_p,IT
INET_N_142,ES
INET_N_1527,GB
SEQ_12061_p,PL
INET_N_1586,PL
INET_N_449,ES
INET_N_547,FR
SEQ_1755_p,NL
INET_N_479,NL
INET_N_299,IT
INET_N_1099,FR
INET_N_1112,ES
INET_N_1356,LV
INET_N_847,LT
INET_N_461,ES
INET_N_346,GB
INET_N_746,GB
SEQ_12356_p,
SEQ_8020_p,BG
Prod_1,BG
Prod_52,
Prod_43,
Prod_32,
Prod_5,BG
Prod_78,GB
Prod_23,
Prod_40,
Prod_47,
Prod_95,
Prod_88,
Prod_51,
LKD_N_269,DE
Prod_49,
Prod_31,
SEQ_12402_p,
Prod_102,
Prod_58,GB
Prod_90,
Prod_50,
LKD_N_309,DE
Prod_94,
Prod_67,
Prod_37,IE
SEQ_12403_p,
Prod_80,
Prod_73,
SEQ_8021_p,BG
Prod_4,BG
Prod_89,
Prod_24,BG
Prod_85,
Prod_97,
Prod_101,
Prod_59,GB
SEQ_12425_p,
Prod_8,
Prod_87,
SEQ_12400_p,
Prod_91,
N_37_NS_LMGN,
Prod_100,
Prod_26,IL
Prod_25,IL
SEQ_10711_p,DE
SEQ_10688_p,DE
SEQ_1150_p,NL
SEQ_890_p,ES
INET_N_1167,PL
INET_N_739,EE
INET_N_1734,BE
SEQ_12018_p,DE
INET_N_614,DE
INET_N_1114,RO
INET_N_1479,GR
INET_N_81,ES
INET_N_416,DE
INET_N_1570,DE
INET_N_564,NL
INET_N_428,IE
INET_N_1467,DE
SEQ_8069__S_LMGN,DE
INET_N_851,BE
INET_N_646,SE
INET_N_468,NL
INET_N_203,FR
INET_N_999,NL
INET_N_251,DE
INET_N_713,NL
INET_N_1088,DE
INET_N_118,DE
INET_N_336,FR
INET_N_408,AT
INET_N_1378,GB
INET_N_153,FR
INET_N_1445,ES
SEQ_11893_p,DE
INET_N_1524,ES
INET_N_1286,IT
INET_N_1581,GB
INET_N_1350,DE
INET_N_1558,DE
INET_N_102,BE
INET_N_1379,DE
INET_N_1007,ES
INET_N_1084,DE
LKD_N_476,DE
INET_N_1805,DE
INET_N_1122,IT
INET_N_214,DE
INET_N_913,NL
LKD_N_477,DE
LKD_N_461,DE
INET_N_1234,IT
LKD_N_568,DE
INET_N_850,DE
INET_N_919,IT
INET_N_1169,DE
INET_N_1817,DE
LKD_N_290,DE
INET_N_77,BE
INET_N_798,GB
INET_N_199,PL
INET_N_1370,IT
INET_N_435,DE
INET_N_1005,DE
INET_N_805,DE
N_111_G_LMGN,DE
INET_N_1,BE
LKD_N_306,DE
INET_N_1051,AT
INET_N_635,DE
INET_N_1636,DE
INET_N_1804,PL
INET_N_937,IT
INET_N_936,NL
INET_N_356,ES
SEQ_3128_p,DK
INET_N_1206,DK
INET_N_218,HU
INET_N_1184,DE
LKD_N_483,DE
INET_N_946,DE
N_882_S_LMGN,ES
INET_N_440,HU
INET_N_1405,PL
INET_N_144,DE
N_1624_S_LMGN,BE
INET_N_433,DE
INET_N_483,IT
INET_N_818,EE
INET_N_1136,DE
INET_N_513,DE
INET_N_605,SE
INET_N_1401,SE
INET_N_989,DE
INET_N_83,ES
INET_N_1256,DE
INET_N_1753,IT
INET_N_859,GR
INET_N_315,DE
INET_N_1585,NL
INET_N_1475,BE
INET_N_180,BE
N_2666_S_LMGN,CH
INET_N_880,DE
INET_N_1421,GB
INET_N_1495,DE
INET_N_241,SI
INET_N_1443,IT
INET_N_1806,DE
INET_N_1438,DE
INET_N_96,DE
INET_N_425,BE
INET_N_310,DE
LKD_N_605,DE
INET_N_803,FI
INET_N_296,ES
INET_N_108,ES
LKD_N_432,DE
INET_N_1451,IT
INET_N_1111,DE
INET_N_1232,ES
INET_N_1616,GB
INET_N_1473,GB
INET_N_1283,FR
INET_N_505,LU
INET_N_762,HR
INET_N_234,RO
INET_N_271,IT
INET_N_1414,HU
INET_N_987,DE
INET_N_1244,DE
INET_N_1030,FR
INET_N_588,IT
N_128_G_LMGN,DE
LKD_N_296,DE
INET_N_938,DE
INET_N_59,ES
INET_N_301,IT
INET_N_883,DE
INET_N_58,BE
SEQ_12010_p,DE
INET_N_1331,DE
INET_N_341,GB
INET_N_997,NL
INET_N_1299,DE
LKD_N_291,DE
INET_N_918,PT
INET_N_953,FI
INET_N_422,DE
N_1470_S_LMGN,PT
INET_N_358,FR
SEQ_11023_p,DE
INET_N_1029,DE
SEQ_3080_p,RO
INET_N_257,RO
SEQ_4603_p,IT
INET_N_1648,IT
INET_N_965,GB
INET_N_670,GR
INET_N_1380,IT
INET_N_833,DE
INET_N_1260,IT
SEQ_10870_p,DE
INET_N_141,DE
INET_N_1368,IT
INET_N_1622,IT
INET_N_1745,LT
INET_N_849,DE
LKD_N_15,DE
INET_N_1131,DE
INET_N_1477,IT
LKD_N_371,DE
INET_N_1785,DE
INET_N_1357,LV
INET_N_603,PL
INET_N_439,DE
INET_N_1462,DE
SEQ_2457_p,ES
INET_N_75,DE
INET_N_242,DE
INET_N_1741,ES
INET_N_583,BE
INET_N_457,DE
INET_N_69,BE
INET_N_474,FR
SEQ_4114_p,GB
INET_N_337,GB
INET_N_1091,IT
SEQ_1243_p,ES
N_135_G_LMGN,DE
INET_N_1144,FI
INET_N_1257,DE
INET_N_549,DE
INET_N_1385,NL
SEQ_3503_p,GB
INET_N_719,GB
INET_N_812,DE
INET_N_1176,HU
INET_N_1226,IT
INET_N_943,AT
INET_N_1305,IT
INET_N_801,HU
INET_N_1366,BE
INET_N_86,ES
N_412_M_LMGN,GB
INET_N_196,DE
N_2070_S_LMGN,DE
Stor_EU_77,DE
INET_N_1825,HR
INET_N_703,IE
INET_N_1109,DE
INET_N_903,DE
INET_N_1735,IT
INET_N_259,RO
INET_N_1531,GB
INET_N_769,DE
INET_N_1243,PT
INET_N_1532,IT
INET_N_107,IT
LKD_N_574,DE
INET_N_1132,DE
INET_N_1446,DE
INET_N_868,GR
INET_N_44,HU
INET_N_1044,DE
INET_N_228,DE
INET_N_1503,DE
INET_N_291,IT
INET_N_1725,DE
INET_N_292,ES
INET_N_824,GB
INET_N_577,FR
SEQ_2342_p,HU
INET_N_1241,HU
INET_N_967,IT
INET_N_1382,IT
INET_N_482,GB
INET_N_484,IT
INET_N_1629,IT
INET_N_952,DE
INET_N_1229,ES
INET_N_51,IT
INET_N_1667,IT
INET_N_120,GB
INET_N_62,NL
INET_N_645,DE
INET_N_1395,DE
INET_N_1824,HR
INET_N_1665,DE
INET_N_1647,ES
INET_N_592,HU
INET_N_964,HU
INET_N_335,ES
INET_N_1832,ES
INET_N_1842,DE
INET_N_557,DE
INET_N_1214,IT
SEQ_11805_p,DE
INET_N_1641,HU
INET_N_1000,IT
NO_N_28,GB
INET_N_1253,GB
INET_N_79,IT
INET_N_1015,SK
INET_N_1701,HU
INET_N_1721,ES
INET_N_463,LT
INET_N_500,DE
INET_N_977,HU
INET_N_1267,ES
INET_N_941,DE
INET_N_1453,IT
INET_N_50,DE
INET_N_761,DE
INET_N_534,ES
INET_N_590,GB
INET_N_1498,IT
INET_N_1624,IT
INET_N_529,IT
INET_N_944,DE
INET_N_1281,ES
INET_N_173,DE
INET_N_221,FR
INET_N_579,DE
INET_N_1656,ES
INET_N_1113,DE
INET_N_232,DE
INET_N_498,DE
INET_N_1796,DE
INET_N_528,IT
INET_N_562,RO
INET_N_1637,DE
INET_N_905,DE
INET_N_708,DE
INET_N_861,AT
INET_N_827,GB
INET_N_795,LT
INET_N_630,ES
INET_N_949,SK
INET_N_1047,IT
INET_N_1513,NL
INET_N_1526,ES
INET_N_384,BE
INET_N_1268,DE
INET_N_101,GB
INET_N_837,FI
INET_N_40,NL
INET_N_297,GB
INET_N_1079,IT
INET_N_642,DE
INET_N_856,FI
INET_N_391,NL
INET_N_143,GB
INET_N_1788,GB
INET_N_200,GB
INET_N_1739,IT
INET_N_1663,ES
INET_N_1434,IT
INET_N_1674,IE
INET_N_343,IE
INET_N_376,HU
INET_N_349,GB
INET_N_88,DE
INET_N_324,GB
INET_N_1423,AT
SEQ_3437_p,IM
INET_N_1314,IM
INET_N_1465,DE
INET_N_594,DE
INET_N_1635,GB
INET_N_565,ES
INET_N_1021,GB
INET_N_1482,GB
INET_N_1615,GB
INET_N_672,DE
INET_N_146,GB
SEQ_4947_p,SK
INET_N_1067,SK
INET_N_1575,DE
INET_N_470,DE
INET_N_3,GB
INET_N_351,GB
INET_N_1119,FI
INET_N_1666,PT
INET_N_829,GR
INET_N_1046,IT
INET_N_1549,BG
INET_N_1012,TR
SEQ_76_p,RS
INET_N_1447,BA
SEQ_86_p,UA
SEQ_102_p,UA
SEQ_103_p,BY
SEQ_144_p,UA
SEQ_145_p,MD
SEQ_166_p,UA
SEQ_167_p,RU
INET_N_741,RO
INET_N_1038,MD
SEQ_632_p,UA
SEQ_224_p,UA
SEQ_225_p,UA
SEQ_226_p,RU
SEQ_668_p,RU
SEQ_643_p,RU
SEQ_293_p,UA
SEQ_333_p,SI
SEQ_336_p,SK
N_186_S_LMGN,EE
SEQ_363_p,EE
SEQ_366_p,AT
SEQ_375_p,BE
N_318_M_LMGN,TR
SEQ_1356_p,HU
SEQ_1510_p,SE
N_625_M_LMGN,SE
SEQ_441_p,GB
SEQ_444_p,IT
N_4_NS_LMGN,GB
SEQ_1708_p,GB
SEQ_468_p,BG
SEQ_471_p,NL
INET_N_1231,IT
SEQ_496_p,IE
N_50_L_LMGN,DE
SEQ_2254_p,FI
SEQ_608_p,BY
SEQ_614_p,PL
SEQ_635_p,UA
SEQ_648_p,HU
SEQ_7013__L_LMGN,UA
SEQ_2407_p,MD
SEQ_681_p,FR
N_417_M_LMGN,UA
SEQ_5515__L_LMGN,TR
SEQ_790_p,NL
SEQ_792_p,RU
SEQ_793_p,EE
N_259_L_LMGN,RU
N_464_S_LMGN,IE
SEQ_3129_p,DK
N_133_S_LMGN,IT
SEQ_849_p,LV
SEQ_865_p,BG
N_19_NS_LMGN,GB
N_433_S_LMGN,FR
SEQ_899_p,LT
N_1889_S_LMGN,IT
INET_N_1068,IT
SEQ_924_p,ES
SEQ_930_p,HU
SEQ_3554_p,UA
N_90_L_LMGN,RU
SEQ_979_p,HU
N_61_S_LMGN,RU
SEQ_1029_p,ES
SEQ_1036_p,MK
SEQ_1057_p,FI
N_27_L_LMGN,NL
SEQ_1152_p,IT
SEQ_5045__L_LMGN,AZ
SEQ_5056_p,RU
N_31_M_LMGN,RU
N_51_M_LMGN,RU
N_52_M_LMGN,RU
SEQ_1456_p,EE
SEQ_1484_p,ES
N_322_M_LMGN,TR
N_385_M_LMGN,LV
SEQ_6443_p,IT
N_517_M_LMGN,GB
SEQ_1587_p,LU
SEQ_6819__M_LMGN,TR
N_657_M_LMGN,IT
N_714_M_LMGN,DK
Stor_EU_5,ES
N_870_M_LMGN,FR
N_882_M_LMGN,IT
N_25_S_LMGN,IE
N_114_S_LMGN,RU
N_158_S_LMGN,AZ
N_185_S_LMGN,LV
SEQ_1746_p,EE
SEQ_7913_p,RU
N_270_S_LMGN,GE
N_352_S_LMGN,IT
N_451_S_LMGN,TR
N_551_S_LMGN,GE
N_637_S_LMGN,FR
SEQ_1792_p,ES
N_716_S_LMGN,GE
N_721_S_LMGN,TR
N_727_S_LMGN,LT
SEQ_1823_p,BY
N_759_S_LMGN,PL
N_782_S_LMGN,NL
N_900_S_LMGN,ES
N_954_S_LMGN,RU
N_970_S_LMGN,AT
SEQ_1860_p,BG
N_841_S_LMGN,FR
N_1073_S_LMGN,FR
N_1251_S_LMGN,BA
SEQ_8845_p,PL
N_1262_S_LMGN,CZ
N_1491_S_LMGN,IT
N_1533_S_LMGN,RU
N_1571_S_LMGN,CZ
N_1595_S_LMGN,CZ
SEQ_1888_p,FR
N_1661_S_LMGN,MD
SEQ_7033__L_LMGN,UA
N_1662_S_LMGN,MD
N_1674_S_LMGN,TR
SEQ_1897_p,FR
N_1725_S_LMGN,ES
N_2311_S_LMGN,IT
N_2442_S_LMGN,FR
INET_N_1619,ES
N_2693_S_LMGN,IT
SEQ_10175_p,GB
SEQ_1952_p,GB
N_124_NS_LMGN,
Prod_15,RO
Prod_27,
Prod_0,
Prod_17,
Prod_76,
Prod_77,
GSE_N_207,GB
Stor_EU_22,EL
Stor_EU_58,GB
SEQ_2038_p,DE
SEQ_11004_p,DE
SEQ_2074_p,DE
SEQ_2082_p,DE
SEQ_2084_p,DE
LKD_N_599,CH
SEQ_2131_p,CH
SEQ_2138_p,PL
SEQ_2147_p,DE
SEQ_2150_p,NL
SEQ_2159_p,NL
N_2394_S_LMGN,AT
SEQ_2172_p,DE
SEQ_2177_p,NL
SEQ_2195_p,NL
SEQ_2196_p,DE
SEQ_2208_p,DE
SEQ_2215_p,DE
SEQ_2222_p,DE
SEQ_2228_p,CH
SEQ_2285_p,DE
SEQ_5825__L_LMGN,SK
Stor_NonEU_28,RU
INET_N_1834,BE
INET_N_1649,IT
INET_N_1245,GB
INET_N_546,FR
INET_N_1351,EL
INET_N_1409,ES
INET_N_617,CH
INET_N_521,NL
INET_N_1440,ES
N_2271_S_LMGN,NL
INET_N_1507,DK
INET_N_510,IT
INET_N_1582,DK
INET_N_12,IE
INET_N_368,GB
INET_N_129,GB
INET_N_133,GB
INET_N_444,FR
INET_N_1601,IT
INET_N_1528,GB
INET_N_499,IT
INET_N_578,ES
INET_N_1583,FI
INET_N_48,DE
INET_N_231,SK
INET_N_1291,IT
INET_N_527,DE
SEQ_2566_p,FI
INET_N_1764,FI
INET_N_612,GB
INET_N_1036,LT
INET_N_1392,AT
SEQ_137_p,UA
SEQ_207_p,UA
SEQ_140_p,UA
SEQ_396_p,UA
SEQ_538_p,RU
INET_N_892,RU
SEQ_636_p,RU
SEQ_562_p,RU
SEQ_639_p,RU
SEQ_240_p,RU
SEQ_242_p,RU
SEQ_642_p,RU
SEQ_247_p,RU
SEQ_284_p,UA
INET_N_1383,RU
SEQ_716_p,UA
SEQ_343_p,RO
SEQ_1718_p,BG
SEQ_752_p,PL
Prod_9,GB
N_36_M_LMGN,AZ
N_7_M_LMGN,RU
N_89_M_LMGN,AZ
SEQ_6079_p,EE
SEQ_6435_p,
SEQ_1542_p,IT
N_452_M_LMGN,RU
N_637_M_LMGN,GR
N_879_M_LMGN,ES
N_183_S_LMGN,LV
Prod_38,
N_639_S_LMGN,ES
SEQ_1979_p,DK
SEQ_12031_p,DE
NO_N_30,NO
INET_N_379,MT
INET_N_1287,FI
Prod_33,
