id,name,source_id,node_id,lat,long,country_code,comment,tags,nuts_id_1,nuts_id_2,nuts_id_3,uncertainty_nuts_id_1,uncertainty_nuts_id_2,uncertainty_nuts_id_3,method_nuts_id_1,method_nuts_id_2,method_nuts_id_3
INET_N_1314,INET_N_1314,['XX_648'],['INET_N_1314'],54.150485,-4.5019480000000005,XX,,{},XX,XX,XX,0,0,0,M_Consumers.add_Nuts_Num(),M_Consumers.add_Nuts_Num(),M_Consumers.add_Nuts_Num()
N_0_L_LMGN,N_0_L_LMGN,['XX_4457'],['N_0_L_LMGN'],38.567395,49.97972,XX,,{},XX,XX,XX,0,0,0,M_Consumers.add_Nuts_Num(),M_Consumers.add_Nuts_Num(),M_Consumers.add_Nuts_Num()
N_101_NS_LMGN,N_101_NS_LMGN,['XX_9982'],['N_101_NS_LMGN'],59.05852,1.7874,XX,,{},XX,XX,XX,0,0,0,M_Consumers.add_Nuts_Num(),M_Consumers.add_Nuts_Num(),M_Consumers.add_Nuts_Num()
N_102_L_LMGN,N_102_L_LMGN,['XX_4707'],['N_102_L_LMGN'],33.01876,43.04841,XX,,{},XX,XX,XX,0,0,0,M_Consumers.add_Nuts_Num(),M_Consumers.add_Nuts_Num(),M_Consumers.add_Nuts_Num()
N_103_L_LMGN,N_103_L_LMGN,['XX_4708'],['N_103_L_LMGN'],30.70501,45.51461,XX,,{},XX,XX,XX,0,0,0,M_Consumers.add_Nuts_Num(),M_Consumers.add_Nuts_Num(),M_Consumers.add_Nuts_Num()
N_103_M_LMGN,N_103_M_LMGN,['XX_5420'],['N_103_M_LMGN'],32.03181,31.83168,XX,,{},XX,XX,XX,0,0,0,M_Consumers.add_Nuts_Num(),M_Consumers.add_Nuts_Num(),M_Consumers.add_Nuts_Num()
N_104_L_LMGN,N_104_L_LMGN,['XX_4709'],['N_104_L_LMGN'],34.2585,43.88636,XX,,{},XX,XX,XX,0,0,0,M_Consumers.add_Nuts_Num(),M_Consumers.add_Nuts_Num(),M_Consumers.add_Nuts_Num()
N_104_NS_LMGN,N_104_NS_LMGN,['XX_9986'],['N_104_NS_LMGN'],58.24655,-0.02889,XX,,{},XX,XX,XX,0,0,0,M_Consumers.add_Nuts_Num(),M_Consumers.add_Nuts_Num(),M_Consumers.add_Nuts_Num()
N_105_L_LMGN,N_105_L_LMGN,['XX_4710'],['N_105_L_LMGN'],35.8408,44.0904,XX,,{},XX,XX,XX,0,0,0,M_Consumers.add_Nuts_Num(),M_Consumers.add_Nuts_Num(),M_Consumers.add_Nuts_Num()
N_105_M_LMGN,N_105_M_LMGN,['XX_5423'],['N_105_M_LMGN'],32.36547,32.111290000000004,XX,,{},XX,XX,XX,0,0,0,M_Consumers.add_Nuts_Num(),M_Consumers.add_Nuts_Num(),M_Consumers.add_Nuts_Num()
N_106_M_LMGN,N_106_M_LMGN,['XX_5426'],['N_106_M_LMGN'],32.176575,32.172955,XX,,{},XX,XX,XX,0,0,0,M_Consumers.add_Nuts_Num(),M_Consumers.add_Nuts_Num(),M_Consumers.add_Nuts_Num()
N_107_NS_LMGN,N_107_NS_LMGN,['XX_9989'],['N_107_NS_LMGN'],58.78628000000001,-0.10053,XX,,{},XX,XX,XX,0,0,0,M_Consumers.add_Nuts_Num(),M_Consumers.add_Nuts_Num(),M_Consumers.add_Nuts_Num()
N_109_NS_LMGN,N_109_NS_LMGN,['XX_9992'],['N_109_NS_LMGN'],56.67764,0.8255299999999999,XX,,{},XX,XX,XX,0,0,0,M_Consumers.add_Nuts_Num(),M_Consumers.add_Nuts_Num(),M_Consumers.add_Nuts_Num()
N_113_M_LMGN,N_113_M_LMGN,['XX_5433'],['N_113_M_LMGN'],32.44685,32.23118,XX,,{},XX,XX,XX,0,0,0,M_Consumers.add_Nuts_Num(),M_Consumers.add_Nuts_Num(),M_Consumers.add_Nuts_Num()
N_114_NS_LMGN,N_114_NS_LMGN,['XX_9993'],['N_114_NS_LMGN'],57.36669000000001,0.7723800000000001,XX,,{},XX,XX,XX,0,0,0,M_Consumers.add_Nuts_Num(),M_Consumers.add_Nuts_Num(),M_Consumers.add_Nuts_Num()
N_114_S_LMGN,N_114_S_LMGN,['XX_6962'],['N_114_S_LMGN'],43.21822,47.53042,XX,,{},XX,XX,XX,0,0,0,M_Consumers.add_Nuts_Num(),M_Consumers.add_Nuts_Num(),M_Consumers.add_Nuts_Num()
N_119_NS_LMGN,N_119_NS_LMGN,['XX_10092'],['N_119_NS_LMGN'],58.90851,3.36412,XX,,{},XX,XX,XX,0,0,0,M_Consumers.add_Nuts_Num(),M_Consumers.add_Nuts_Num(),M_Consumers.add_Nuts_Num()
N_124_NS_LMGN,N_124_NS_LMGN,['XX_10038'],['N_124_NS_LMGN'],57.71226,-1.18548,XX,,{},XX,XX,XX,0,0,0,M_Consumers.add_Nuts_Num(),M_Consumers.add_Nuts_Num(),M_Consumers.add_Nuts_Num()
N_126_NS_LMGN,N_126_NS_LMGN,['XX_10002'],['N_126_NS_LMGN'],52.42262,3.20655,XX,,{},XX,XX,XX,0,0,0,M_Consumers.add_Nuts_Num(),M_Consumers.add_Nuts_Num(),M_Consumers.add_Nuts_Num()
N_12_M_LMGN,N_12_M_LMGN,['XX_5325'],['N_12_M_LMGN'],41.9666,49.00232000000001,XX,,{},XX,XX,XX,0,0,0,M_Consumers.add_Nuts_Num(),M_Consumers.add_Nuts_Num(),M_Consumers.add_Nuts_Num()
N_133_L_LMGN,N_133_L_LMGN,['XX_4760'],['N_133_L_LMGN'],31.69398,26.66462000000001,XX,,{},XX,XX,XX,0,0,0,M_Consumers.add_Nuts_Num(),M_Consumers.add_Nuts_Num(),M_Consumers.add_Nuts_Num()
N_134_L_LMGN,N_134_L_LMGN,['XX_4761'],['N_134_L_LMGN'],32.084109999999995,31.33571,XX,,{},XX,XX,XX,0,0,0,M_Consumers.add_Nuts_Num(),M_Consumers.add_Nuts_Num(),M_Consumers.add_Nuts_Num()
N_135_L_LMGN,N_135_L_LMGN,['XX_4766'],['N_135_L_LMGN'],31.53088,31.08652,XX,,{},XX,XX,XX,0,0,0,M_Consumers.add_Nuts_Num(),M_Consumers.add_Nuts_Num(),M_Consumers.add_Nuts_Num()
N_136_NS_LMGN,N_136_NS_LMGN,['XX_9976'],['N_136_NS_LMGN'],54.45646,3.18781,XX,,{},XX,XX,XX,0,0,0,M_Consumers.add_Nuts_Num(),M_Consumers.add_Nuts_Num(),M_Consumers.add_Nuts_Num()
N_137_L_LMGN,N_137_L_LMGN,['XX_4772'],['N_137_L_LMGN'],31.90594,32.22786,XX,,{},XX,XX,XX,0,0,0,M_Consumers.add_Nuts_Num(),M_Consumers.add_Nuts_Num(),M_Consumers.add_Nuts_Num()
N_138_NS_LMGN,N_138_NS_LMGN,['XX_10015'],['N_138_NS_LMGN'],56.45299,6.23715,XX,,{},XX,XX,XX,0,0,0,M_Consumers.add_Nuts_Num(),M_Consumers.add_Nuts_Num(),M_Consumers.add_Nuts_Num()
N_139_NS_LMGN,N_139_NS_LMGN,['XX_10016'],['N_139_NS_LMGN'],57.0366,3.99831,XX,,{},XX,XX,XX,0,0,0,M_Consumers.add_Nuts_Num(),M_Consumers.add_Nuts_Num(),M_Consumers.add_Nuts_Num()
N_141_NS_LMGN,N_141_NS_LMGN,['XX_10053'],['N_141_NS_LMGN'],53.68255,4.5547,XX,,{},XX,XX,XX,0,0,0,M_Consumers.add_Nuts_Num(),M_Consumers.add_Nuts_Num(),M_Consumers.add_Nuts_Num()
N_146_NS_LMGN,N_146_NS_LMGN,['XX_10071'],['N_146_NS_LMGN'],55.54625,4.715,XX,,{},XX,XX,XX,0,0,0,M_Consumers.add_Nuts_Num(),M_Consumers.add_Nuts_Num(),M_Consumers.add_Nuts_Num()
N_147_NS_LMGN,N_147_NS_LMGN,['XX_10017'],['N_147_NS_LMGN'],54.27421,3.2431,XX,,{},XX,XX,XX,0,0,0,M_Consumers.add_Nuts_Num(),M_Consumers.add_Nuts_Num(),M_Consumers.add_Nuts_Num()
N_149_NS_LMGN,N_149_NS_LMGN,['XX_10023'],['N_149_NS_LMGN'],54.08481,3.61103,XX,,{},XX,XX,XX,0,0,0,M_Consumers.add_Nuts_Num(),M_Consumers.add_Nuts_Num(),M_Consumers.add_Nuts_Num()
N_152_NS_LMGN,N_152_NS_LMGN,['XX_1502'],['N_152_NS_LMGN'],52.91369,3.88785,XX,,{},XX,XX,XX,0,0,0,M_Consumers.add_Nuts_Num(),M_Consumers.add_Nuts_Num(),M_Consumers.add_Nuts_Num()
N_1533_S_LMGN,N_1533_S_LMGN,['XX_8399'],['N_1533_S_LMGN'],44.77567,34.85477,XX,,{},XX,XX,XX,0,0,0,M_Consumers.add_Nuts_Num(),M_Consumers.add_Nuts_Num(),M_Consumers.add_Nuts_Num()
N_158_L_LMGN,N_158_L_LMGN,['XX_4810'],['N_158_L_LMGN'],34.12166,43.88743,XX,,{},XX,XX,XX,0,0,0,M_Consumers.add_Nuts_Num(),M_Consumers.add_Nuts_Num(),M_Consumers.add_Nuts_Num()
N_158_M_LMGN,N_158_M_LMGN,['XX_5492'],['N_158_M_LMGN'],68.37616,47.71144,XX,,{},XX,XX,XX,0,0,0,M_Consumers.add_Nuts_Num(),M_Consumers.add_Nuts_Num(),M_Consumers.add_Nuts_Num()
N_159_L_LMGN,N_159_L_LMGN,['XX_4814'],['N_159_L_LMGN'],36.02435999999999,43.37699,XX,,{},XX,XX,XX,0,0,0,M_Consumers.add_Nuts_Num(),M_Consumers.add_Nuts_Num(),M_Consumers.add_Nuts_Num()
N_159_NS_LMGN,N_159_NS_LMGN,['XX_1131'],['N_159_NS_LMGN'],58.557247,2.528993,XX,,{},XX,XX,XX,0,0,0,M_Consumers.add_Nuts_Num(),M_Consumers.add_Nuts_Num(),M_Consumers.add_Nuts_Num()
N_169_M_LMGN,N_169_M_LMGN,['XX_5505'],['N_169_M_LMGN'],42.23364,51.14372,XX,,{},XX,XX,XX,0,0,0,M_Consumers.add_Nuts_Num(),M_Consumers.add_Nuts_Num(),M_Consumers.add_Nuts_Num()
N_172_M_LMGN,N_172_M_LMGN,['XX_5310'],['N_172_M_LMGN'],31.19709000000001,27.635690000000004,XX,,{},XX,XX,XX,0,0,0,M_Consumers.add_Nuts_Num(),M_Consumers.add_Nuts_Num(),M_Consumers.add_Nuts_Num()
N_175_M_LMGN,N_175_M_LMGN,['XX_5512'],['N_175_M_LMGN'],31.42745,29.174640000000004,XX,,{},XX,XX,XX,0,0,0,M_Consumers.add_Nuts_Num(),M_Consumers.add_Nuts_Num(),M_Consumers.add_Nuts_Num()
N_175_NS_LMGN,N_175_NS_LMGN,['XX_9977'],['N_175_NS_LMGN'],57.91549499999999,0.396385,XX,,{},XX,XX,XX,0,0,0,M_Consumers.add_Nuts_Num(),M_Consumers.add_Nuts_Num(),M_Consumers.add_Nuts_Num()
N_177_L_LMGN,N_177_L_LMGN,['XX_4849'],['N_177_L_LMGN'],31.64378,29.9107,XX,,{},XX,XX,XX,0,0,0,M_Consumers.add_Nuts_Num(),M_Consumers.add_Nuts_Num(),M_Consumers.add_Nuts_Num()
N_178_L_LMGN,N_178_L_LMGN,['XX_4852'],['N_178_L_LMGN'],31.56215,29.85844,XX,,{},XX,XX,XX,0,0,0,M_Consumers.add_Nuts_Num(),M_Consumers.add_Nuts_Num(),M_Consumers.add_Nuts_Num()
N_179_M_LMGN,N_179_M_LMGN,['XX_5519'],['N_179_M_LMGN'],32.189029999999995,31.2251,XX,,{},XX,XX,XX,0,0,0,M_Consumers.add_Nuts_Num(),M_Consumers.add_Nuts_Num(),M_Consumers.add_Nuts_Num()
N_181_NS_LMGN,N_181_NS_LMGN,['XX_10041'],['N_181_NS_LMGN'],54.33201,1.835475,XX,,{},XX,XX,XX,0,0,0,M_Consumers.add_Nuts_Num(),M_Consumers.add_Nuts_Num(),M_Consumers.add_Nuts_Num()
N_183_NS_LMGN,N_183_NS_LMGN,['XX_10043'],['N_183_NS_LMGN'],54.06495,2.18758,XX,,{},XX,XX,XX,0,0,0,M_Consumers.add_Nuts_Num(),M_Consumers.add_Nuts_Num(),M_Consumers.add_Nuts_Num()
N_184_NS_LMGN,N_184_NS_LMGN,['XX_10042'],['N_184_NS_LMGN'],54.37872,2.04299,XX,,{},XX,XX,XX,0,0,0,M_Consumers.add_Nuts_Num(),M_Consumers.add_Nuts_Num(),M_Consumers.add_Nuts_Num()
N_187_NS_LMGN,N_187_NS_LMGN,['XX_2435'],['N_187_NS_LMGN'],52.66606,2.20086,XX,,{},XX,XX,XX,0,0,0,M_Consumers.add_Nuts_Num(),M_Consumers.add_Nuts_Num(),M_Consumers.add_Nuts_Num()
N_194_NS_LMGN,N_194_NS_LMGN,['XX_10049'],['N_194_NS_LMGN'],58.7381,2.83609,XX,,{},XX,XX,XX,0,0,0,M_Consumers.add_Nuts_Num(),M_Consumers.add_Nuts_Num(),M_Consumers.add_Nuts_Num()
N_198_NS_LMGN,N_198_NS_LMGN,['XX_10054'],['N_198_NS_LMGN'],53.56765,4.59083,XX,,{},XX,XX,XX,0,0,0,M_Consumers.add_Nuts_Num(),M_Consumers.add_Nuts_Num(),M_Consumers.add_Nuts_Num()
N_199_NS_LMGN,N_199_NS_LMGN,['XX_10057'],['N_199_NS_LMGN'],54.08637,2.74915,XX,,{},XX,XX,XX,0,0,0,M_Consumers.add_Nuts_Num(),M_Consumers.add_Nuts_Num(),M_Consumers.add_Nuts_Num()
N_1_L_LMGN,N_1_L_LMGN,['XX_4458'],['N_1_L_LMGN'],35.90259000000001,51.35243,XX,,{},XX,XX,XX,0,0,0,M_Consumers.add_Nuts_Num(),M_Consumers.add_Nuts_Num(),M_Consumers.add_Nuts_Num()
N_201_NS_LMGN,N_201_NS_LMGN,['XX_10059'],['N_201_NS_LMGN'],54.2924,3.9068,XX,,{},XX,XX,XX,0,0,0,M_Consumers.add_Nuts_Num(),M_Consumers.add_Nuts_Num(),M_Consumers.add_Nuts_Num()
N_204_NS_LMGN,N_204_NS_LMGN,['XX_9970'],['N_204_NS_LMGN'],53.50821,3.94651,XX,,{},XX,XX,XX,0,0,0,M_Consumers.add_Nuts_Num(),M_Consumers.add_Nuts_Num(),M_Consumers.add_Nuts_Num()
N_206_L_LMGN,N_206_L_LMGN,['XX_4945'],['N_206_L_LMGN'],38.51253,51.9354,XX,,{},XX,XX,XX,0,0,0,M_Consumers.add_Nuts_Num(),M_Consumers.add_Nuts_Num(),M_Consumers.add_Nuts_Num()
N_207_L_LMGN,N_207_L_LMGN,['XX_4948'],['N_207_L_LMGN'],38.63519,47.04863,XX,,{},XX,XX,XX,0,0,0,M_Consumers.add_Nuts_Num(),M_Consumers.add_Nuts_Num(),M_Consumers.add_Nuts_Num()
N_211_NS_LMGN,N_211_NS_LMGN,['XX_10072'],['N_211_NS_LMGN'],55.77462,4.59172,XX,,{},XX,XX,XX,0,0,0,M_Consumers.add_Nuts_Num(),M_Consumers.add_Nuts_Num(),M_Consumers.add_Nuts_Num()
N_214_NS_LMGN,N_214_NS_LMGN,['XX_1130'],['N_214_NS_LMGN'],58.160165,2.092375,XX,,{},XX,XX,XX,0,0,0,M_Consumers.add_Nuts_Num(),M_Consumers.add_Nuts_Num(),M_Consumers.add_Nuts_Num()
N_218_NS_LMGN,N_218_NS_LMGN,['XX_10078'],['N_218_NS_LMGN'],57.39714,1.94307,XX,,{},XX,XX,XX,0,0,0,M_Consumers.add_Nuts_Num(),M_Consumers.add_Nuts_Num(),M_Consumers.add_Nuts_Num()
N_219_NS_LMGN,N_219_NS_LMGN,['XX_10086'],['N_219_NS_LMGN'],57.80809,1.62886,XX,,{},XX,XX,XX,0,0,0,M_Consumers.add_Nuts_Num(),M_Consumers.add_Nuts_Num(),M_Consumers.add_Nuts_Num()
N_220_NS_LMGN,N_220_NS_LMGN,['XX_10103'],['N_220_NS_LMGN'],57.96576,1.82386,XX,,{},XX,XX,XX,0,0,0,M_Consumers.add_Nuts_Num(),M_Consumers.add_Nuts_Num(),M_Consumers.add_Nuts_Num()
N_222_M_LMGN,N_222_M_LMGN,['XX_5577'],['N_222_M_LMGN'],32.00878,26.84767,XX,,{},XX,XX,XX,0,0,0,M_Consumers.add_Nuts_Num(),M_Consumers.add_Nuts_Num(),M_Consumers.add_Nuts_Num()
N_223_M_LMGN,N_223_M_LMGN,['XX_5578'],['N_223_M_LMGN'],31.632325,26.584640000000004,XX,,{},XX,XX,XX,0,0,0,M_Consumers.add_Nuts_Num(),M_Consumers.add_Nuts_Num(),M_Consumers.add_Nuts_Num()
N_224_M_LMGN,N_224_M_LMGN,['XX_5579'],['N_224_M_LMGN'],31.64051,27.296090000000003,XX,,{},XX,XX,XX,0,0,0,M_Consumers.add_Nuts_Num(),M_Consumers.add_Nuts_Num(),M_Consumers.add_Nuts_Num()
N_226_NS_LMGN,N_226_NS_LMGN,['XX_10083'],['N_226_NS_LMGN'],57.46225,-0.1924,XX,,{},XX,XX,XX,0,0,0,M_Consumers.add_Nuts_Num(),M_Consumers.add_Nuts_Num(),M_Consumers.add_Nuts_Num()
N_227_L_LMGN,N_227_L_LMGN,['XX_4987'],['N_227_L_LMGN'],34.87767,36.14455,XX,,{},XX,XX,XX,0,0,0,M_Consumers.add_Nuts_Num(),M_Consumers.add_Nuts_Num(),M_Consumers.add_Nuts_Num()
N_228_L_LMGN,N_228_L_LMGN,['XX_4988'],['N_228_L_LMGN'],34.638459999999995,35.84324,XX,,{},XX,XX,XX,0,0,0,M_Consumers.add_Nuts_Num(),M_Consumers.add_Nuts_Num(),M_Consumers.add_Nuts_Num()
N_22_NS_LMGN,N_22_NS_LMGN,['XX_10040'],['N_22_NS_LMGN'],65.23303,6.99415,XX,,{},XX,XX,XX,0,0,0,M_Consumers.add_Nuts_Num(),M_Consumers.add_Nuts_Num(),M_Consumers.add_Nuts_Num()
N_2342_S_LMGN,N_2342_S_LMGN,['XX_1060'],['N_2342_S_LMGN'],45.271305,31.61574,XX,,{},XX,XX,XX,0,0,0,M_Consumers.add_Nuts_Num(),M_Consumers.add_Nuts_Num(),M_Consumers.add_Nuts_Num()
N_241_M_LMGN,N_241_M_LMGN,['XX_5615'],['N_241_M_LMGN'],45.72755,51.49806,XX,,{},XX,XX,XX,0,0,0,M_Consumers.add_Nuts_Num(),M_Consumers.add_Nuts_Num(),M_Consumers.add_Nuts_Num()
N_242_M_LMGN,N_242_M_LMGN,['XX_5616'],['N_242_M_LMGN'],45.5391,49.80808,XX,,{},XX,XX,XX,0,0,0,M_Consumers.add_Nuts_Num(),M_Consumers.add_Nuts_Num(),M_Consumers.add_Nuts_Num()
N_243_M_LMGN,N_243_M_LMGN,['XX_5619'],['N_243_M_LMGN'],43.01107,40.79024,XX,,{},XX,XX,XX,0,0,0,M_Consumers.add_Nuts_Num(),M_Consumers.add_Nuts_Num(),M_Consumers.add_Nuts_Num()
N_244_L_LMGN,N_244_L_LMGN,['XX_5052'],['N_244_L_LMGN'],35.23635,35.8001,XX,,{},XX,XX,XX,0,0,0,M_Consumers.add_Nuts_Num(),M_Consumers.add_Nuts_Num(),M_Consumers.add_Nuts_Num()
N_244_M_LMGN,N_244_M_LMGN,['XX_5639'],['N_244_M_LMGN'],32.07674,35.3866,XX,,{},XX,XX,XX,0,0,0,M_Consumers.add_Nuts_Num(),M_Consumers.add_Nuts_Num(),M_Consumers.add_Nuts_Num()
N_244_NS_LMGN,N_244_NS_LMGN,['XX_10117'],['N_244_NS_LMGN'],53.613195,1.830665,XX,,{},XX,XX,XX,0,0,0,M_Consumers.add_Nuts_Num(),M_Consumers.add_Nuts_Num(),M_Consumers.add_Nuts_Num()
N_245_L_LMGN,N_245_L_LMGN,['XX_5054'],['N_245_L_LMGN'],31.55458,30.376890000000003,XX,,{},XX,XX,XX,0,0,0,M_Consumers.add_Nuts_Num(),M_Consumers.add_Nuts_Num(),M_Consumers.add_Nuts_Num()
N_245_M_LMGN,N_245_M_LMGN,['XX_5640'],['N_245_M_LMGN'],32.16894,35.50274,XX,,{},XX,XX,XX,0,0,0,M_Consumers.add_Nuts_Num(),M_Consumers.add_Nuts_Num(),M_Consumers.add_Nuts_Num()
N_246_M_LMGN,N_246_M_LMGN,['XX_5642'],['N_246_M_LMGN'],31.82158,30.05925,XX,,{},XX,XX,XX,0,0,0,M_Consumers.add_Nuts_Num(),M_Consumers.add_Nuts_Num(),M_Consumers.add_Nuts_Num()
N_247_M_LMGN,N_247_M_LMGN,['XX_5644'],['N_247_M_LMGN'],31.79042,30.36188,XX,,{},XX,XX,XX,0,0,0,M_Consumers.add_Nuts_Num(),M_Consumers.add_Nuts_Num(),M_Consumers.add_Nuts_Num()
N_248_M_LMGN,N_248_M_LMGN,['XX_5645'],['N_248_M_LMGN'],31.62773,31.17752,XX,,{},XX,XX,XX,0,0,0,M_Consumers.add_Nuts_Num(),M_Consumers.add_Nuts_Num(),M_Consumers.add_Nuts_Num()
N_250_NS_LMGN,N_250_NS_LMGN,['XX_10048'],['N_250_NS_LMGN'],53.59971,0.90791,XX,,{},XX,XX,XX,0,0,0,M_Consumers.add_Nuts_Num(),M_Consumers.add_Nuts_Num(),M_Consumers.add_Nuts_Num()
N_252_M_LMGN,N_252_M_LMGN,['XX_5649'],['N_252_M_LMGN'],31.55392,32.78105,XX,,{},XX,XX,XX,0,0,0,M_Consumers.add_Nuts_Num(),M_Consumers.add_Nuts_Num(),M_Consumers.add_Nuts_Num()
N_253_M_LMGN,N_253_M_LMGN,['XX_5262'],['N_253_M_LMGN'],31.47466,32.50888,XX,,{},XX,XX,XX,0,0,0,M_Consumers.add_Nuts_Num(),M_Consumers.add_Nuts_Num(),M_Consumers.add_Nuts_Num()
N_255_M_LMGN,N_255_M_LMGN,['XX_5655'],['N_255_M_LMGN'],33.03047,35.68194000000001,XX,,{},XX,XX,XX,0,0,0,M_Consumers.add_Nuts_Num(),M_Consumers.add_Nuts_Num(),M_Consumers.add_Nuts_Num()
N_255_NS_LMGN,N_255_NS_LMGN,['XX_10096'],['N_255_NS_LMGN'],57.04966,2.19009,XX,,{},XX,XX,XX,0,0,0,M_Consumers.add_Nuts_Num(),M_Consumers.add_Nuts_Num(),M_Consumers.add_Nuts_Num()
N_256_M_LMGN,N_256_M_LMGN,['XX_5226'],['N_256_M_LMGN'],32.90511,35.689335,XX,,{},XX,XX,XX,0,0,0,M_Consumers.add_Nuts_Num(),M_Consumers.add_Nuts_Num(),M_Consumers.add_Nuts_Num()
N_256_NS_LMGN,N_256_NS_LMGN,['XX_10100'],['N_256_NS_LMGN'],54.44144,1.51109,XX,,{},XX,XX,XX,0,0,0,M_Consumers.add_Nuts_Num(),M_Consumers.add_Nuts_Num(),M_Consumers.add_Nuts_Num()
N_259_L_LMGN,N_259_L_LMGN,['XX_3617'],['N_259_L_LMGN'],44.46485,33.604620000000004,XX,,{},XX,XX,XX,0,0,0,M_Consumers.add_Nuts_Num(),M_Consumers.add_Nuts_Num(),M_Consumers.add_Nuts_Num()
N_268_S_LMGN,N_268_S_LMGN,['XX_7121'],['N_268_S_LMGN'],42.74034,41.24536,XX,,{},XX,XX,XX,0,0,0,M_Consumers.add_Nuts_Num(),M_Consumers.add_Nuts_Num(),M_Consumers.add_Nuts_Num()
N_271_NS_LMGN,N_271_NS_LMGN,['XX_1491'],['N_271_NS_LMGN'],53.3287,2.55424,XX,,{},XX,XX,XX,0,0,0,M_Consumers.add_Nuts_Num(),M_Consumers.add_Nuts_Num(),M_Consumers.add_Nuts_Num()
N_279_L_LMGN,N_279_L_LMGN,['XX_5149'],['N_279_L_LMGN'],30.70829,46.55028,XX,,{},XX,XX,XX,0,0,0,M_Consumers.add_Nuts_Num(),M_Consumers.add_Nuts_Num(),M_Consumers.add_Nuts_Num()
N_280_NS_LMGN,N_280_NS_LMGN,['XX_10115'],['N_280_NS_LMGN'],53.58162,2.045095,XX,,{},XX,XX,XX,0,0,0,M_Consumers.add_Nuts_Num(),M_Consumers.add_Nuts_Num(),M_Consumers.add_Nuts_Num()
N_281_L_LMGN,N_281_L_LMGN,['XX_5162'],['N_281_L_LMGN'],43.9211,38.95163,XX,,{},XX,XX,XX,0,0,0,M_Consumers.add_Nuts_Num(),M_Consumers.add_Nuts_Num(),M_Consumers.add_Nuts_Num()
N_281_NS_LMGN,N_281_NS_LMGN,['XX_1492'],['N_281_NS_LMGN'],53.55224000000001,2.287545,XX,,{},XX,XX,XX,0,0,0,M_Consumers.add_Nuts_Num(),M_Consumers.add_Nuts_Num(),M_Consumers.add_Nuts_Num()
N_294_NS_LMGN,N_294_NS_LMGN,['XX_10126'],['N_294_NS_LMGN'],58.20418000000001,2.24502,XX,,{},XX,XX,XX,0,0,0,M_Consumers.add_Nuts_Num(),M_Consumers.add_Nuts_Num(),M_Consumers.add_Nuts_Num()
N_297_L_LMGN,N_297_L_LMGN,['XX_5200'],['N_297_L_LMGN'],31.599390000000003,30.1439,XX,,{},XX,XX,XX,0,0,0,M_Consumers.add_Nuts_Num(),M_Consumers.add_Nuts_Num(),M_Consumers.add_Nuts_Num()
N_297_NS_LMGN,N_297_NS_LMGN,['XX_10127'],['N_297_NS_LMGN'],57.47881999999999,2.07997,XX,,{},XX,XX,XX,0,0,0,M_Consumers.add_Nuts_Num(),M_Consumers.add_Nuts_Num(),M_Consumers.add_Nuts_Num()
N_298_NS_LMGN,N_298_NS_LMGN,['XX_10128'],['N_298_NS_LMGN'],57.72736,1.89762,XX,,{},XX,XX,XX,0,0,0,M_Consumers.add_Nuts_Num(),M_Consumers.add_Nuts_Num(),M_Consumers.add_Nuts_Num()
N_29_NS_LMGN,N_29_NS_LMGN,['XX_1062'],['N_29_NS_LMGN'],65.973415,7.980085000000001,XX,,{},XX,XX,XX,0,0,0,M_Consumers.add_Nuts_Num(),M_Consumers.add_Nuts_Num(),M_Consumers.add_Nuts_Num()
N_302_NS_LMGN,N_302_NS_LMGN,['XX_10135'],['N_302_NS_LMGN'],57.69517,1.6383299999999998,XX,,{},XX,XX,XX,0,0,0,M_Consumers.add_Nuts_Num(),M_Consumers.add_Nuts_Num(),M_Consumers.add_Nuts_Num()
N_315_NS_LMGN,N_315_NS_LMGN,['XX_10090'],['N_315_NS_LMGN'],53.57945,1.558585,XX,,{},XX,XX,XX,0,0,0,M_Consumers.add_Nuts_Num(),M_Consumers.add_Nuts_Num(),M_Consumers.add_Nuts_Num()
N_31_M_LMGN,N_31_M_LMGN,['XX_5341'],['N_31_M_LMGN'],68.38434000000001,52.37528,XX,,{},XX,XX,XX,0,0,0,M_Consumers.add_Nuts_Num(),M_Consumers.add_Nuts_Num(),M_Consumers.add_Nuts_Num()
N_33_M_LMGN,N_33_M_LMGN,['XX_5347'],['N_33_M_LMGN'],67.08381999999999,46.63019,XX,,{},XX,XX,XX,0,0,0,M_Consumers.add_Nuts_Num(),M_Consumers.add_Nuts_Num(),M_Consumers.add_Nuts_Num()
N_34_NS_LMGN,N_34_NS_LMGN,['XX_9943'],['N_34_NS_LMGN'],53.8356,1.37543,XX,,{},XX,XX,XX,0,0,0,M_Consumers.add_Nuts_Num(),M_Consumers.add_Nuts_Num(),M_Consumers.add_Nuts_Num()
N_361_M_LMGN,N_361_M_LMGN,['XX_5791'],['N_361_M_LMGN'],32.72426,35.451805,XX,,{},XX,XX,XX,0,0,0,M_Consumers.add_Nuts_Num(),M_Consumers.add_Nuts_Num(),M_Consumers.add_Nuts_Num()
N_363_M_LMGN,N_363_M_LMGN,['XX_1050'],['N_363_M_LMGN'],33.253165,34.575795,XX,,{},XX,XX,XX,0,0,0,M_Consumers.add_Nuts_Num(),M_Consumers.add_Nuts_Num(),M_Consumers.add_Nuts_Num()
N_366_M_LMGN,N_366_M_LMGN,['XX_5798'],['N_366_M_LMGN'],31.91901,35.28181,XX,,{},XX,XX,XX,0,0,0,M_Consumers.add_Nuts_Num(),M_Consumers.add_Nuts_Num(),M_Consumers.add_Nuts_Num()
N_370_M_LMGN,N_370_M_LMGN,['XX_5807'],['N_370_M_LMGN'],32.00185,30.26553,XX,,{},XX,XX,XX,0,0,0,M_Consumers.add_Nuts_Num(),M_Consumers.add_Nuts_Num(),M_Consumers.add_Nuts_Num()
N_376_M_LMGN,N_376_M_LMGN,['XX_5820'],['N_376_M_LMGN'],31.93284,32.818275,XX,,{},XX,XX,XX,0,0,0,M_Consumers.add_Nuts_Num(),M_Consumers.add_Nuts_Num(),M_Consumers.add_Nuts_Num()
N_377_M_LMGN,N_377_M_LMGN,['XX_5824'],['N_377_M_LMGN'],35.98132000000001,41.07471,XX,,{},XX,XX,XX,0,0,0,M_Consumers.add_Nuts_Num(),M_Consumers.add_Nuts_Num(),M_Consumers.add_Nuts_Num()
N_37_NS_LMGN,N_37_NS_LMGN,['XX_1094'],['N_37_NS_LMGN'],61.35524,3.17478,XX,,{},XX,XX,XX,0,0,0,M_Consumers.add_Nuts_Num(),M_Consumers.add_Nuts_Num(),M_Consumers.add_Nuts_Num()
N_37_S_LMGN,N_37_S_LMGN,['XX_6892'],['N_37_S_LMGN'],33.77026,13.38226,XX,,{},XX,XX,XX,0,0,0,M_Consumers.add_Nuts_Num(),M_Consumers.add_Nuts_Num(),M_Consumers.add_Nuts_Num()
N_38_M_LMGN,N_38_M_LMGN,['XX_5242'],['N_38_M_LMGN'],34.75019,38.76239,XX,,{},XX,XX,XX,0,0,0,M_Consumers.add_Nuts_Num(),M_Consumers.add_Nuts_Num(),M_Consumers.add_Nuts_Num()
N_39_NS_LMGN,N_39_NS_LMGN,['XX_1500'],['N_39_NS_LMGN'],53.0176,3.5805300000000004,XX,,{},XX,XX,XX,0,0,0,M_Consumers.add_Nuts_Num(),M_Consumers.add_Nuts_Num(),M_Consumers.add_Nuts_Num()
N_404_S_LMGN,N_404_S_LMGN,['XX_7255'],['N_404_S_LMGN'],42.08266,49.38733,XX,,{},XX,XX,XX,0,0,0,M_Consumers.add_Nuts_Num(),M_Consumers.add_Nuts_Num(),M_Consumers.add_Nuts_Num()
N_405_S_LMGN,N_405_S_LMGN,['XX_7258'],['N_405_S_LMGN'],41.73686,49.12158,XX,,{},XX,XX,XX,0,0,0,M_Consumers.add_Nuts_Num(),M_Consumers.add_Nuts_Num(),M_Consumers.add_Nuts_Num()
N_40_NS_LMGN,N_40_NS_LMGN,['XX_9946'],['N_40_NS_LMGN'],53.37273,3.63327,XX,,{},XX,XX,XX,0,0,0,M_Consumers.add_Nuts_Num(),M_Consumers.add_Nuts_Num(),M_Consumers.add_Nuts_Num()
N_417_M_LMGN,N_417_M_LMGN,['XX_3193'],['N_417_M_LMGN'],46.72605,36.69265,XX,,{},XX,XX,XX,0,0,0,M_Consumers.add_Nuts_Num(),M_Consumers.add_Nuts_Num(),M_Consumers.add_Nuts_Num()
N_41_NS_LMGN,N_41_NS_LMGN,['XX_10074'],['N_41_NS_LMGN'],55.95929,4.07796,XX,,{},XX,XX,XX,0,0,0,M_Consumers.add_Nuts_Num(),M_Consumers.add_Nuts_Num(),M_Consumers.add_Nuts_Num()
N_444_M_LMGN,N_444_M_LMGN,['XX_5268'],['N_444_M_LMGN'],44.19929000000001,38.65296,XX,,{},XX,XX,XX,0,0,0,M_Consumers.add_Nuts_Num(),M_Consumers.add_Nuts_Num(),M_Consumers.add_Nuts_Num()
N_452_M_LMGN,N_452_M_LMGN,['XX_5954'],['N_452_M_LMGN'],44.70556,37.28981,XX,,{},XX,XX,XX,0,0,0,M_Consumers.add_Nuts_Num(),M_Consumers.add_Nuts_Num(),M_Consumers.add_Nuts_Num()
N_454_M_LMGN,N_454_M_LMGN,['XX_5960'],['N_454_M_LMGN'],30.71289,36.00391,XX,,{},XX,XX,XX,0,0,0,M_Consumers.add_Nuts_Num(),M_Consumers.add_Nuts_Num(),M_Consumers.add_Nuts_Num()
N_45_M_LMGN,N_45_M_LMGN,['XX_5359'],['N_45_M_LMGN'],32.01959,31.62202000000001,XX,,{},XX,XX,XX,0,0,0,M_Consumers.add_Nuts_Num(),M_Consumers.add_Nuts_Num(),M_Consumers.add_Nuts_Num()
N_46_M_LMGN,N_46_M_LMGN,['XX_5360'],['N_46_M_LMGN'],31.91487,31.6355,XX,,{},XX,XX,XX,0,0,0,M_Consumers.add_Nuts_Num(),M_Consumers.add_Nuts_Num(),M_Consumers.add_Nuts_Num()
N_48_M_LMGN,N_48_M_LMGN,['XX_5364'],['N_48_M_LMGN'],32.56166,30.45163,XX,,{},XX,XX,XX,0,0,0,M_Consumers.add_Nuts_Num(),M_Consumers.add_Nuts_Num(),M_Consumers.add_Nuts_Num()
N_495_S_LMGN,N_495_S_LMGN,['XX_7350'],['N_495_S_LMGN'],34.097559999999994,-1.6838400000000002,XX,,{},XX,XX,XX,0,0,0,M_Consumers.add_Nuts_Num(),M_Consumers.add_Nuts_Num(),M_Consumers.add_Nuts_Num()
N_49_NS_LMGN,N_49_NS_LMGN,['XX_10191'],['N_49_NS_LMGN'],64.30125,7.6643,XX,,{},XX,XX,XX,0,0,0,M_Consumers.add_Nuts_Num(),M_Consumers.add_Nuts_Num(),M_Consumers.add_Nuts_Num()
N_51_M_LMGN,N_51_M_LMGN,['XX_5365'],['N_51_M_LMGN'],44.49603,37.80032,XX,,{},XX,XX,XX,0,0,0,M_Consumers.add_Nuts_Num(),M_Consumers.add_Nuts_Num(),M_Consumers.add_Nuts_Num()
N_52_M_LMGN,N_52_M_LMGN,['XX_5368'],['N_52_M_LMGN'],44.31888,38.159,XX,,{},XX,XX,XX,0,0,0,M_Consumers.add_Nuts_Num(),M_Consumers.add_Nuts_Num(),M_Consumers.add_Nuts_Num()
N_52_NS_LMGN,N_52_NS_LMGN,['XX_1497'],['N_52_NS_LMGN'],52.95898,3.2237,XX,,{},XX,XX,XX,0,0,0,M_Consumers.add_Nuts_Num(),M_Consumers.add_Nuts_Num(),M_Consumers.add_Nuts_Num()
N_53_NS_LMGN,N_53_NS_LMGN,['XX_1496'],['N_53_NS_LMGN'],53.27811,3.15343,XX,,{},XX,XX,XX,0,0,0,M_Consumers.add_Nuts_Num(),M_Consumers.add_Nuts_Num(),M_Consumers.add_Nuts_Num()
N_547_S_LMGN,N_547_S_LMGN,['XX_7406'],['N_547_S_LMGN'],45.5009,32.24392,XX,,{},XX,XX,XX,0,0,0,M_Consumers.add_Nuts_Num(),M_Consumers.add_Nuts_Num(),M_Consumers.add_Nuts_Num()
N_551_S_LMGN,N_551_S_LMGN,['XX_7410'],['N_551_S_LMGN'],42.09478,41.59578,XX,,{},XX,XX,XX,0,0,0,M_Consumers.add_Nuts_Num(),M_Consumers.add_Nuts_Num(),M_Consumers.add_Nuts_Num()
N_589_M_LMGN,N_589_M_LMGN,['XX_6154'],['N_589_M_LMGN'],32.150615,32.546315,XX,,{},XX,XX,XX,0,0,0,M_Consumers.add_Nuts_Num(),M_Consumers.add_Nuts_Num(),M_Consumers.add_Nuts_Num()
N_59_NS_LMGN,N_59_NS_LMGN,['XX_9955'],['N_59_NS_LMGN'],60.120925,3.558995,XX,,{},XX,XX,XX,0,0,0,M_Consumers.add_Nuts_Num(),M_Consumers.add_Nuts_Num(),M_Consumers.add_Nuts_Num()
N_641_M_LMGN,N_641_M_LMGN,['XX_6236'],['N_641_M_LMGN'],31.78799,26.14784,XX,,{},XX,XX,XX,0,0,0,M_Consumers.add_Nuts_Num(),M_Consumers.add_Nuts_Num(),M_Consumers.add_Nuts_Num()
N_65_NS_LMGN,N_65_NS_LMGN,['XX_10005'],['N_65_NS_LMGN'],60.53349,2.82621,XX,,{},XX,XX,XX,0,0,0,M_Consumers.add_Nuts_Num(),M_Consumers.add_Nuts_Num(),M_Consumers.add_Nuts_Num()
N_674_M_LMGN,N_674_M_LMGN,['XX_6308'],['N_674_M_LMGN'],32.049620000000004,32.6493,XX,,{},XX,XX,XX,0,0,0,M_Consumers.add_Nuts_Num(),M_Consumers.add_Nuts_Num(),M_Consumers.add_Nuts_Num()
N_678_M_LMGN,N_678_M_LMGN,['XX_6319'],['N_678_M_LMGN'],34.93853,40.78971,XX,,{},XX,XX,XX,0,0,0,M_Consumers.add_Nuts_Num(),M_Consumers.add_Nuts_Num(),M_Consumers.add_Nuts_Num()
N_6_M_LMGN,N_6_M_LMGN,['XX_5313'],['N_6_M_LMGN'],67.64787,47.07179,XX,,{},XX,XX,XX,0,0,0,M_Consumers.add_Nuts_Num(),M_Consumers.add_Nuts_Num(),M_Consumers.add_Nuts_Num()
N_72_NS_LMGN,N_72_NS_LMGN,['XX_1114'],['N_72_NS_LMGN'],59.17465600000001,2.499794,XX,,{},XX,XX,XX,0,0,0,M_Consumers.add_Nuts_Num(),M_Consumers.add_Nuts_Num(),M_Consumers.add_Nuts_Num()
N_73_NS_LMGN,N_73_NS_LMGN,['XX_9956'],['N_73_NS_LMGN'],58.94716999999999,3.14068,XX,,{},XX,XX,XX,0,0,0,M_Consumers.add_Nuts_Num(),M_Consumers.add_Nuts_Num(),M_Consumers.add_Nuts_Num()
N_750_M_LMGN,N_750_M_LMGN,['XX_6456'],['N_750_M_LMGN'],31.72938,27.36205,XX,,{},XX,XX,XX,0,0,0,M_Consumers.add_Nuts_Num(),M_Consumers.add_Nuts_Num(),M_Consumers.add_Nuts_Num()
N_751_M_LMGN,N_751_M_LMGN,['XX_6458'],['N_751_M_LMGN'],32.5933,30.2565,XX,,{},XX,XX,XX,0,0,0,M_Consumers.add_Nuts_Num(),M_Consumers.add_Nuts_Num(),M_Consumers.add_Nuts_Num()
N_75_NS_LMGN,N_75_NS_LMGN,['XX_10093'],['N_75_NS_LMGN'],59.37161,2.61778,XX,,{},XX,XX,XX,0,0,0,M_Consumers.add_Nuts_Num(),M_Consumers.add_Nuts_Num(),M_Consumers.add_Nuts_Num()
N_76_NS_LMGN,N_76_NS_LMGN,['XX_9959'],['N_76_NS_LMGN'],57.11021,1.89233,XX,,{},XX,XX,XX,0,0,0,M_Consumers.add_Nuts_Num(),M_Consumers.add_Nuts_Num(),M_Consumers.add_Nuts_Num()
N_77_NS_LMGN,N_77_NS_LMGN,['XX_9960'],['N_77_NS_LMGN'],57.02266,1.71263,XX,,{},XX,XX,XX,0,0,0,M_Consumers.add_Nuts_Num(),M_Consumers.add_Nuts_Num(),M_Consumers.add_Nuts_Num()
N_801_M_LMGN,N_801_M_LMGN,['XX_5284'],['N_801_M_LMGN'],35.59211,11.13096,XX,,{},XX,XX,XX,0,0,0,M_Consumers.add_Nuts_Num(),M_Consumers.add_Nuts_Num(),M_Consumers.add_Nuts_Num()
N_82_NS_LMGN,N_82_NS_LMGN,['XX_9963'],['N_82_NS_LMGN'],53.7565,3.2829300000000003,XX,,{},XX,XX,XX,0,0,0,M_Consumers.add_Nuts_Num(),M_Consumers.add_Nuts_Num(),M_Consumers.add_Nuts_Num()
N_82_S_LMGN,N_82_S_LMGN,['XX_6922'],['N_82_S_LMGN'],34.24698,-1.86537,XX,,{},XX,XX,XX,0,0,0,M_Consumers.add_Nuts_Num(),M_Consumers.add_Nuts_Num(),M_Consumers.add_Nuts_Num()
N_832_M_LMGN,N_832_M_LMGN,['XX_6588'],['N_832_M_LMGN'],31.62245,34.13755,XX,,{},XX,XX,XX,0,0,0,M_Consumers.add_Nuts_Num(),M_Consumers.add_Nuts_Num(),M_Consumers.add_Nuts_Num()
N_833_M_LMGN,N_833_M_LMGN,['XX_6591'],['N_833_M_LMGN'],30.72228,35.09058,XX,,{},XX,XX,XX,0,0,0,M_Consumers.add_Nuts_Num(),M_Consumers.add_Nuts_Num(),M_Consumers.add_Nuts_Num()
N_834_M_LMGN,N_834_M_LMGN,['XX_6593'],['N_834_M_LMGN'],32.24989,32.47076,XX,,{},XX,XX,XX,0,0,0,M_Consumers.add_Nuts_Num(),M_Consumers.add_Nuts_Num(),M_Consumers.add_Nuts_Num()
N_83_NS_LMGN,N_83_NS_LMGN,['XX_9964'],['N_83_NS_LMGN'],53.9748,3.17247,XX,,{},XX,XX,XX,0,0,0,M_Consumers.add_Nuts_Num(),M_Consumers.add_Nuts_Num(),M_Consumers.add_Nuts_Num()
N_84_NS_LMGN,N_84_NS_LMGN,['XX_9966'],['N_84_NS_LMGN'],53.94177,3.60667,XX,,{},XX,XX,XX,0,0,0,M_Consumers.add_Nuts_Num(),M_Consumers.add_Nuts_Num(),M_Consumers.add_Nuts_Num()
N_88_M_LMGN,N_88_M_LMGN,['XX_5395'],['N_88_M_LMGN'],42.53125,48.56207,XX,,{},XX,XX,XX,0,0,0,M_Consumers.add_Nuts_Num(),M_Consumers.add_Nuts_Num(),M_Consumers.add_Nuts_Num()
N_890_M_LMGN,N_890_M_LMGN,['XX_6706'],['N_890_M_LMGN'],34.70324,11.56353,XX,,{},XX,XX,XX,0,0,0,M_Consumers.add_Nuts_Num(),M_Consumers.add_Nuts_Num(),M_Consumers.add_Nuts_Num()
N_90_L_LMGN,N_90_L_LMGN,['XX_4259'],['N_90_L_LMGN'],47.18775,39.03982,XX,,{},XX,XX,XX,0,0,0,M_Consumers.add_Nuts_Num(),M_Consumers.add_Nuts_Num(),M_Consumers.add_Nuts_Num()
N_919_M_LMGN,N_919_M_LMGN,['XX_6764'],['N_919_M_LMGN'],31.20794,35.88145,XX,,{},XX,XX,XX,0,0,0,M_Consumers.add_Nuts_Num(),M_Consumers.add_Nuts_Num(),M_Consumers.add_Nuts_Num()
N_91_NS_LMGN,N_91_NS_LMGN,['XX_9973'],['N_91_NS_LMGN'],55.91119000000001,4.6752,XX,,{},XX,XX,XX,0,0,0,M_Consumers.add_Nuts_Num(),M_Consumers.add_Nuts_Num(),M_Consumers.add_Nuts_Num()
N_93_M_LMGN,N_93_M_LMGN,['XX_5410'],['N_93_M_LMGN'],32.09257,30.07447,XX,,{},XX,XX,XX,0,0,0,M_Consumers.add_Nuts_Num(),M_Consumers.add_Nuts_Num(),M_Consumers.add_Nuts_Num()
N_95_M_LMGN,N_95_M_LMGN,['XX_5412'],['N_95_M_LMGN'],31.76343,31.75093,XX,,{},XX,XX,XX,0,0,0,M_Consumers.add_Nuts_Num(),M_Consumers.add_Nuts_Num(),M_Consumers.add_Nuts_Num()
N_96_NS_LMGN,N_96_NS_LMGN,['XX_9978'],['N_96_NS_LMGN'],57.92696,0.24044,XX,,{},XX,XX,XX,0,0,0,M_Consumers.add_Nuts_Num(),M_Consumers.add_Nuts_Num(),M_Consumers.add_Nuts_Num()
N_97_NS_LMGN,N_97_NS_LMGN,['XX_9979'],['N_97_NS_LMGN'],57.91803,0.65025,XX,,{},XX,XX,XX,0,0,0,M_Consumers.add_Nuts_Num(),M_Consumers.add_Nuts_Num(),M_Consumers.add_Nuts_Num()
N_98_M_LMGN,N_98_M_LMGN,['XX_5415'],['N_98_M_LMGN'],31.62052000000001,31.39257000000001,XX,,{},XX,XX,XX,0,0,0,M_Consumers.add_Nuts_Num(),M_Consumers.add_Nuts_Num(),M_Consumers.add_Nuts_Num()
Prod_0,Prod_0,['XX_1032'],['Prod_0'],54.18307,-11.04853,XX,,{},XX,XX,XX,0,0,0,M_Consumers.add_Nuts_Num(),M_Consumers.add_Nuts_Num(),M_Consumers.add_Nuts_Num()
Prod_10,Prod_10,['XX_1042'],['Prod_10'],32.12608,34.42415,XX,,{},XX,XX,XX,0,0,0,M_Consumers.add_Nuts_Num(),M_Consumers.add_Nuts_Num(),M_Consumers.add_Nuts_Num()
Prod_100,Prod_100,['XX_1132'],['Prod_100'],60.07798,2.38341,XX,,{},XX,XX,XX,0,0,0,M_Consumers.add_Nuts_Num(),M_Consumers.add_Nuts_Num(),M_Consumers.add_Nuts_Num()
Prod_101,Prod_101,['XX_1133'],['Prod_101'],60.72033,2.2161,XX,,{},XX,XX,XX,0,0,0,M_Consumers.add_Nuts_Num(),M_Consumers.add_Nuts_Num(),M_Consumers.add_Nuts_Num()
Prod_102,Prod_102,['XX_1134'],['Prod_102'],60.68386,2.90682,XX,,{},XX,XX,XX,0,0,0,M_Consumers.add_Nuts_Num(),M_Consumers.add_Nuts_Num(),M_Consumers.add_Nuts_Num()
Prod_11,Prod_11,['XX_1043'],['Prod_11'],43.87352,-2.58376,XX,,{},XX,XX,XX,0,0,0,M_Consumers.add_Nuts_Num(),M_Consumers.add_Nuts_Num(),M_Consumers.add_Nuts_Num()
Prod_13,Prod_13,['XX_1045'],['Prod_13'],45.13994,32.18736,XX,,{},XX,XX,XX,0,0,0,M_Consumers.add_Nuts_Num(),M_Consumers.add_Nuts_Num(),M_Consumers.add_Nuts_Num()
Prod_14,Prod_14,['XX_1046'],['Prod_14'],44.3355,30.48413,XX,,{},XX,XX,XX,0,0,0,M_Consumers.add_Nuts_Num(),M_Consumers.add_Nuts_Num(),M_Consumers.add_Nuts_Num()
Prod_17,Prod_17,['XX_1049'],['Prod_17'],44.0054,29.45083,XX,,{},XX,XX,XX,0,0,0,M_Consumers.add_Nuts_Num(),M_Consumers.add_Nuts_Num(),M_Consumers.add_Nuts_Num()
Prod_19,Prod_19,['XX_1051'],['Prod_19'],45.31751,30.91494,XX,,{},XX,XX,XX,0,0,0,M_Consumers.add_Nuts_Num(),M_Consumers.add_Nuts_Num(),M_Consumers.add_Nuts_Num()
Prod_2,Prod_2,['XX_1034'],['Prod_2'],34.39425,12.49689,XX,,{},XX,XX,XX,0,0,0,M_Consumers.add_Nuts_Num(),M_Consumers.add_Nuts_Num(),M_Consumers.add_Nuts_Num()
Prod_20,Prod_20,['XX_1052'],['Prod_20'],54.61267,0.48694,XX,,{},XX,XX,XX,0,0,0,M_Consumers.add_Nuts_Num(),M_Consumers.add_Nuts_Num(),M_Consumers.add_Nuts_Num()
Prod_21,Prod_21,['XX_1053'],['Prod_21'],65.70589,7.68486,XX,,{},XX,XX,XX,0,0,0,M_Consumers.add_Nuts_Num(),M_Consumers.add_Nuts_Num(),M_Consumers.add_Nuts_Num()
Prod_22,Prod_22,['XX_1054'],['Prod_22'],64.28153,7.7831800000000015,XX,,{},XX,XX,XX,0,0,0,M_Consumers.add_Nuts_Num(),M_Consumers.add_Nuts_Num(),M_Consumers.add_Nuts_Num()
Prod_23,Prod_23,['XX_1055'],['Prod_23'],32.24282,30.04726,XX,,{},XX,XX,XX,0,0,0,M_Consumers.add_Nuts_Num(),M_Consumers.add_Nuts_Num(),M_Consumers.add_Nuts_Num()
Prod_25,Prod_25,['XX_1057'],['Prod_25'],32.42212,34.73709,XX,,{},XX,XX,XX,0,0,0,M_Consumers.add_Nuts_Num(),M_Consumers.add_Nuts_Num(),M_Consumers.add_Nuts_Num()
Prod_26,Prod_26,['XX_1058'],['Prod_26'],32.3248,34.886590000000005,XX,,{},XX,XX,XX,0,0,0,M_Consumers.add_Nuts_Num(),M_Consumers.add_Nuts_Num(),M_Consumers.add_Nuts_Num()
Prod_27,Prod_27,['XX_1059'],['Prod_27'],54.2194,-10.89533,XX,,{},XX,XX,XX,0,0,0,M_Consumers.add_Nuts_Num(),M_Consumers.add_Nuts_Num(),M_Consumers.add_Nuts_Num()
Prod_29,Prod_29,['XX_1061'],['Prod_29'],56.1227,4.54606,XX,,{},XX,XX,XX,0,0,0,M_Consumers.add_Nuts_Num(),M_Consumers.add_Nuts_Num(),M_Consumers.add_Nuts_Num()
Prod_31,Prod_31,['XX_1063'],['Prod_31'],65.94639000000001,7.861160000000001,XX,,{},XX,XX,XX,0,0,0,M_Consumers.add_Nuts_Num(),M_Consumers.add_Nuts_Num(),M_Consumers.add_Nuts_Num()
Prod_32,Prod_32,['XX_1064'],['Prod_32'],65.67103,7.568910000000002,XX,,{},XX,XX,XX,0,0,0,M_Consumers.add_Nuts_Num(),M_Consumers.add_Nuts_Num(),M_Consumers.add_Nuts_Num()
Prod_33,Prod_33,['XX_1065'],['Prod_33'],64.98232,6.61159,XX,,{},XX,XX,XX,0,0,0,M_Consumers.add_Nuts_Num(),M_Consumers.add_Nuts_Num(),M_Consumers.add_Nuts_Num()
Prod_34,Prod_34,['XX_1066'],['Prod_34'],32.11804,29.93669,XX,,{},XX,XX,XX,0,0,0,M_Consumers.add_Nuts_Num(),M_Consumers.add_Nuts_Num(),M_Consumers.add_Nuts_Num()
Prod_35,Prod_35,['XX_1067'],['Prod_35'],32.33194,29.44032,XX,,{},XX,XX,XX,0,0,0,M_Consumers.add_Nuts_Num(),M_Consumers.add_Nuts_Num(),M_Consumers.add_Nuts_Num()
Prod_38,Prod_38,['XX_1070'],['Prod_38'],43.55604,29.95703,XX,,{},XX,XX,XX,0,0,0,M_Consumers.add_Nuts_Num(),M_Consumers.add_Nuts_Num(),M_Consumers.add_Nuts_Num()
Prod_39,Prod_39,['XX_1071'],['Prod_39'],53.73811,1.27395,XX,,{},XX,XX,XX,0,0,0,M_Consumers.add_Nuts_Num(),M_Consumers.add_Nuts_Num(),M_Consumers.add_Nuts_Num()
Prod_40,Prod_40,['XX_1072'],['Prod_40'],54.38332,2.28618,XX,,{},XX,XX,XX,0,0,0,M_Consumers.add_Nuts_Num(),M_Consumers.add_Nuts_Num(),M_Consumers.add_Nuts_Num()
Prod_41,Prod_41,['XX_1073'],['Prod_41'],31.95676,33.090090000000004,XX,,{},XX,XX,XX,0,0,0,M_Consumers.add_Nuts_Num(),M_Consumers.add_Nuts_Num(),M_Consumers.add_Nuts_Num()
Prod_42,Prod_42,['XX_1074'],['Prod_42'],32.514720000000004,31.79108,XX,,{},XX,XX,XX,0,0,0,M_Consumers.add_Nuts_Num(),M_Consumers.add_Nuts_Num(),M_Consumers.add_Nuts_Num()
Prod_43,Prod_43,['XX_1075'],['Prod_43'],32.35902,31.16877,XX,,{},XX,XX,XX,0,0,0,M_Consumers.add_Nuts_Num(),M_Consumers.add_Nuts_Num(),M_Consumers.add_Nuts_Num()
Prod_44,Prod_44,['XX_1076'],['Prod_44'],32.5665,31.04055,XX,,{},XX,XX,XX,0,0,0,M_Consumers.add_Nuts_Num(),M_Consumers.add_Nuts_Num(),M_Consumers.add_Nuts_Num()
Prod_46,Prod_46,['XX_1078'],['Prod_46'],57.39842,2.7383,XX,,{},XX,XX,XX,0,0,0,M_Consumers.add_Nuts_Num(),M_Consumers.add_Nuts_Num(),M_Consumers.add_Nuts_Num()
Prod_47,Prod_47,['XX_1079'],['Prod_47'],53.56514,1.84402,XX,,{},XX,XX,XX,0,0,0,M_Consumers.add_Nuts_Num(),M_Consumers.add_Nuts_Num(),M_Consumers.add_Nuts_Num()
Prod_48,Prod_48,['XX_1080'],['Prod_48'],53.69984,1.93389,XX,,{},XX,XX,XX,0,0,0,M_Consumers.add_Nuts_Num(),M_Consumers.add_Nuts_Num(),M_Consumers.add_Nuts_Num()
Prod_49,Prod_49,['XX_1081'],['Prod_49'],54.05486,2.87711,XX,,{},XX,XX,XX,0,0,0,M_Consumers.add_Nuts_Num(),M_Consumers.add_Nuts_Num(),M_Consumers.add_Nuts_Num()
Prod_50,Prod_50,['XX_1082'],['Prod_50'],57.78984000000001,-0.82934,XX,,{},XX,XX,XX,0,0,0,M_Consumers.add_Nuts_Num(),M_Consumers.add_Nuts_Num(),M_Consumers.add_Nuts_Num()
Prod_51,Prod_51,['XX_1083'],['Prod_51'],32.19238,32.83319,XX,,{},XX,XX,XX,0,0,0,M_Consumers.add_Nuts_Num(),M_Consumers.add_Nuts_Num(),M_Consumers.add_Nuts_Num()
Prod_52,Prod_52,['XX_1084'],['Prod_52'],32.171640000000004,32.5096,XX,,{},XX,XX,XX,0,0,0,M_Consumers.add_Nuts_Num(),M_Consumers.add_Nuts_Num(),M_Consumers.add_Nuts_Num()
Prod_53,Prod_53,['XX_1085'],['Prod_53'],32.20794,32.27863,XX,,{},XX,XX,XX,0,0,0,M_Consumers.add_Nuts_Num(),M_Consumers.add_Nuts_Num(),M_Consumers.add_Nuts_Num()
Prod_54,Prod_54,['XX_1086'],['Prod_54'],57.2925,2.93439,XX,,{},XX,XX,XX,0,0,0,M_Consumers.add_Nuts_Num(),M_Consumers.add_Nuts_Num(),M_Consumers.add_Nuts_Num()
Prod_56,Prod_56,['XX_1088'],['Prod_56'],57.26519,1.8844,XX,,{},XX,XX,XX,0,0,0,M_Consumers.add_Nuts_Num(),M_Consumers.add_Nuts_Num(),M_Consumers.add_Nuts_Num()
Prod_57,Prod_57,['XX_1089'],['Prod_57'],45.61847,31.68827000000001,XX,,{},XX,XX,XX,0,0,0,M_Consumers.add_Nuts_Num(),M_Consumers.add_Nuts_Num(),M_Consumers.add_Nuts_Num()
Prod_60,Prod_60,['XX_1092'],['Prod_60'],57.15221,4.00237,XX,,{},XX,XX,XX,0,0,0,M_Consumers.add_Nuts_Num(),M_Consumers.add_Nuts_Num(),M_Consumers.add_Nuts_Num()
Prod_61,Prod_61,['XX_1093'],['Prod_61'],56.92576999999999,3.89624,XX,,{},XX,XX,XX,0,0,0,M_Consumers.add_Nuts_Num(),M_Consumers.add_Nuts_Num(),M_Consumers.add_Nuts_Num()
Prod_64,Prod_64,['XX_1096'],['Prod_64'],64.3921,7.323410000000001,XX,,{},XX,XX,XX,0,0,0,M_Consumers.add_Nuts_Num(),M_Consumers.add_Nuts_Num(),M_Consumers.add_Nuts_Num()
Prod_65,Prod_65,['XX_1097'],['Prod_65'],32.44425,30.559040000000003,XX,,{},XX,XX,XX,0,0,0,M_Consumers.add_Nuts_Num(),M_Consumers.add_Nuts_Num(),M_Consumers.add_Nuts_Num()
Prod_66,Prod_66,['XX_1098'],['Prod_66'],57.6198,0.8375,XX,,{},XX,XX,XX,0,0,0,M_Consumers.add_Nuts_Num(),M_Consumers.add_Nuts_Num(),M_Consumers.add_Nuts_Num()
Prod_67,Prod_67,['XX_1099'],['Prod_67'],57.85582,0.7605,XX,,{},XX,XX,XX,0,0,0,M_Consumers.add_Nuts_Num(),M_Consumers.add_Nuts_Num(),M_Consumers.add_Nuts_Num()
Prod_68,Prod_68,['XX_1100'],['Prod_68'],57.99441,2.0278400000000003,XX,,{},XX,XX,XX,0,0,0,M_Consumers.add_Nuts_Num(),M_Consumers.add_Nuts_Num(),M_Consumers.add_Nuts_Num()
Prod_69,Prod_69,['XX_1101'],['Prod_69'],59.19034,1.99848,XX,,{},XX,XX,XX,0,0,0,M_Consumers.add_Nuts_Num(),M_Consumers.add_Nuts_Num(),M_Consumers.add_Nuts_Num()
Prod_71,Prod_71,['XX_1103'],['Prod_71'],58.5369,1.95724,XX,,{},XX,XX,XX,0,0,0,M_Consumers.add_Nuts_Num(),M_Consumers.add_Nuts_Num(),M_Consumers.add_Nuts_Num()
Prod_72,Prod_72,['XX_1104'],['Prod_72'],58.46497,1.74205,XX,,{},XX,XX,XX,0,0,0,M_Consumers.add_Nuts_Num(),M_Consumers.add_Nuts_Num(),M_Consumers.add_Nuts_Num()
Prod_73,Prod_73,['XX_1105'],['Prod_73'],63.32893000000001,5.48451,XX,,{},XX,XX,XX,0,0,0,M_Consumers.add_Nuts_Num(),M_Consumers.add_Nuts_Num(),M_Consumers.add_Nuts_Num()
Prod_74,Prod_74,['XX_1106'],['Prod_74'],32.72161,30.36658,XX,,{},XX,XX,XX,0,0,0,M_Consumers.add_Nuts_Num(),M_Consumers.add_Nuts_Num(),M_Consumers.add_Nuts_Num()
Prod_75,Prod_75,['XX_1107'],['Prod_75'],32.68294,30.5551,XX,,{},XX,XX,XX,0,0,0,M_Consumers.add_Nuts_Num(),M_Consumers.add_Nuts_Num(),M_Consumers.add_Nuts_Num()
Prod_76,Prod_76,['XX_1108'],['Prod_76'],43.89683,29.82418,XX,,{},XX,XX,XX,0,0,0,M_Consumers.add_Nuts_Num(),M_Consumers.add_Nuts_Num(),M_Consumers.add_Nuts_Num()
Prod_77,Prod_77,['XX_1109'],['Prod_77'],43.98256,30.0326,XX,,{},XX,XX,XX,0,0,0,M_Consumers.add_Nuts_Num(),M_Consumers.add_Nuts_Num(),M_Consumers.add_Nuts_Num()
Prod_8,Prod_8,['XX_1040'],['Prod_8'],55.51781999999999,4.1589800000000015,XX,,{},XX,XX,XX,0,0,0,M_Consumers.add_Nuts_Num(),M_Consumers.add_Nuts_Num(),M_Consumers.add_Nuts_Num()
Prod_80,Prod_80,['XX_1112'],['Prod_80'],60.44403000000001,2.96875,XX,,{},XX,XX,XX,0,0,0,M_Consumers.add_Nuts_Num(),M_Consumers.add_Nuts_Num(),M_Consumers.add_Nuts_Num()
Prod_83,Prod_83,['XX_1115'],['Prod_83'],58.8782,2.71016,XX,,{},XX,XX,XX,0,0,0,M_Consumers.add_Nuts_Num(),M_Consumers.add_Nuts_Num(),M_Consumers.add_Nuts_Num()
Prod_84,Prod_84,['XX_1116'],['Prod_84'],65.03563,6.8993800000000025,XX,,{},XX,XX,XX,0,0,0,M_Consumers.add_Nuts_Num(),M_Consumers.add_Nuts_Num(),M_Consumers.add_Nuts_Num()
Prod_85,Prod_85,['XX_1117'],['Prod_85'],60.23457,3.30784,XX,,{},XX,XX,XX,0,0,0,M_Consumers.add_Nuts_Num(),M_Consumers.add_Nuts_Num(),M_Consumers.add_Nuts_Num()
Prod_86,Prod_86,['XX_1118'],['Prod_86'],60.29139,3.51377,XX,,{},XX,XX,XX,0,0,0,M_Consumers.add_Nuts_Num(),M_Consumers.add_Nuts_Num(),M_Consumers.add_Nuts_Num()
Prod_87,Prod_87,['XX_1119'],['Prod_87'],63.31667,5.37545,XX,,{},XX,XX,XX,0,0,0,M_Consumers.add_Nuts_Num(),M_Consumers.add_Nuts_Num(),M_Consumers.add_Nuts_Num()
Prod_88,Prod_88,['XX_1120'],['Prod_88'],64.43615,7.26474,XX,,{},XX,XX,XX,0,0,0,M_Consumers.add_Nuts_Num(),M_Consumers.add_Nuts_Num(),M_Consumers.add_Nuts_Num()
Prod_89,Prod_89,['XX_1121'],['Prod_89'],32.021370000000005,32.86071,XX,,{},XX,XX,XX,0,0,0,M_Consumers.add_Nuts_Num(),M_Consumers.add_Nuts_Num(),M_Consumers.add_Nuts_Num()
Prod_90,Prod_90,['XX_1122'],['Prod_90'],60.603,2.72095,XX,,{},XX,XX,XX,0,0,0,M_Consumers.add_Nuts_Num(),M_Consumers.add_Nuts_Num(),M_Consumers.add_Nuts_Num()
Prod_91,Prod_91,['XX_1123'],['Prod_91'],60.84458000000001,2.09087,XX,,{},XX,XX,XX,0,0,0,M_Consumers.add_Nuts_Num(),M_Consumers.add_Nuts_Num(),M_Consumers.add_Nuts_Num()
Prod_93,Prod_93,['XX_1125'],['Prod_93'],60.71336,2.60443,XX,,{},XX,XX,XX,0,0,0,M_Consumers.add_Nuts_Num(),M_Consumers.add_Nuts_Num(),M_Consumers.add_Nuts_Num()
Prod_94,Prod_94,['XX_1126'],['Prod_94'],61.23191,2.66443,XX,,{},XX,XX,XX,0,0,0,M_Consumers.add_Nuts_Num(),M_Consumers.add_Nuts_Num(),M_Consumers.add_Nuts_Num()
Prod_95,Prod_95,['XX_1127'],['Prod_95'],57.68124,1.92746,XX,,{},XX,XX,XX,0,0,0,M_Consumers.add_Nuts_Num(),M_Consumers.add_Nuts_Num(),M_Consumers.add_Nuts_Num()
Prod_96,Prod_96,['XX_1128'],['Prod_96'],58.65086,2.70398,XX,,{},XX,XX,XX,0,0,0,M_Consumers.add_Nuts_Num(),M_Consumers.add_Nuts_Num(),M_Consumers.add_Nuts_Num()
Prod_97,Prod_97,['XX_1129'],['Prod_97'],58.07062,2.58273,XX,,{},XX,XX,XX,0,0,0,M_Consumers.add_Nuts_Num(),M_Consumers.add_Nuts_Num(),M_Consumers.add_Nuts_Num()
SEQ_10217_p,,['SEQ_10217_p'],['SEQ_10217_p'],54.3222,6.58246,XX,,{},XX,XX,XX,0,0,0,M_Consumers.add_Nuts_Num(),M_Consumers.add_Nuts_Num(),M_Consumers.add_Nuts_Num()
SEQ_10234_p,,['SEQ_10234_p'],['SEQ_10234_p'],54.42795,2.25457,XX,,{},XX,XX,XX,0,0,0,M_Consumers.add_Nuts_Num(),M_Consumers.add_Nuts_Num(),M_Consumers.add_Nuts_Num()
SEQ_10250_p,,['SEQ_10250_p'],['SEQ_10250_p'],57.72512,-0.88999,XX,,{},XX,XX,XX,0,0,0,M_Consumers.add_Nuts_Num(),M_Consumers.add_Nuts_Num(),M_Consumers.add_Nuts_Num()
SEQ_10285_p,,['SEQ_10285_p'],['SEQ_10285_p'],60.68379,2.46436,XX,,{},XX,XX,XX,0,0,0,M_Consumers.add_Nuts_Num(),M_Consumers.add_Nuts_Num(),M_Consumers.add_Nuts_Num()
SEQ_10356_p,,['SEQ_10356_p'],['SEQ_10356_p'],54.03077,2.96109,XX,,{},XX,XX,XX,0,0,0,M_Consumers.add_Nuts_Num(),M_Consumers.add_Nuts_Num(),M_Consumers.add_Nuts_Num()
SEQ_10483_p,,['SEQ_10483_p'],['SEQ_10483_p'],54.195780000000006,6.80857,XX,,{},XX,XX,XX,0,0,0,M_Consumers.add_Nuts_Num(),M_Consumers.add_Nuts_Num(),M_Consumers.add_Nuts_Num()
SEQ_12081_p,,['SEQ_12081_p'],['SEQ_12081_p'],60.133808,2.697875,XX,,{},XX,XX,XX,0,0,0,M_Consumers.add_Nuts_Num(),M_Consumers.add_Nuts_Num(),M_Consumers.add_Nuts_Num()
SEQ_12138_p,,['SEQ_12138_p'],['SEQ_12138_p'],65.656813,7.665012,XX,,{},XX,XX,XX,0,0,0,M_Consumers.add_Nuts_Num(),M_Consumers.add_Nuts_Num(),M_Consumers.add_Nuts_Num()
SEQ_12147_p,,['SEQ_12147_p'],['SEQ_12147_p'],59.172434,2.239961,XX,,{},XX,XX,XX,0,0,0,M_Consumers.add_Nuts_Num(),M_Consumers.add_Nuts_Num(),M_Consumers.add_Nuts_Num()
SEQ_12254_p,,['SEQ_12254_p'],['SEQ_12254_p'],64.367549,7.244439,XX,,{},XX,XX,XX,0,0,0,M_Consumers.add_Nuts_Num(),M_Consumers.add_Nuts_Num(),M_Consumers.add_Nuts_Num()
SEQ_12265_p,,['SEQ_12265_p'],['SEQ_12265_p'],61.185196,2.520644,XX,,{},XX,XX,XX,0,0,0,M_Consumers.add_Nuts_Num(),M_Consumers.add_Nuts_Num(),M_Consumers.add_Nuts_Num()
SEQ_12331_p,,['SEQ_12331_p'],['SEQ_12331_p'],61.23310600000001,3.399062,XX,,{},XX,XX,XX,0,0,0,M_Consumers.add_Nuts_Num(),M_Consumers.add_Nuts_Num(),M_Consumers.add_Nuts_Num()
SEQ_12344_p,,['SEQ_12344_p'],['SEQ_12344_p'],63.37420400000001,5.6672970000000005,XX,,{},XX,XX,XX,0,0,0,M_Consumers.add_Nuts_Num(),M_Consumers.add_Nuts_Num(),M_Consumers.add_Nuts_Num()
SEQ_12356_p,,['SEQ_12356_p'],['SEQ_12356_p'],64.994189,6.755214,XX,,{},XX,XX,XX,0,0,0,M_Consumers.add_Nuts_Num(),M_Consumers.add_Nuts_Num(),M_Consumers.add_Nuts_Num()
SEQ_12400_p,,['SEQ_12400_p'],['SEQ_12400_p'],60.88234300000001,2.400514,XX,,{},XX,XX,XX,0,0,0,M_Consumers.add_Nuts_Num(),M_Consumers.add_Nuts_Num(),M_Consumers.add_Nuts_Num()
SEQ_12402_p,,['SEQ_12402_p'],['SEQ_12402_p'],60.66864,2.779059,XX,,{},XX,XX,XX,0,0,0,M_Consumers.add_Nuts_Num(),M_Consumers.add_Nuts_Num(),M_Consumers.add_Nuts_Num()
SEQ_12403_p,,['SEQ_12403_p'],['SEQ_12403_p'],60.533063,2.924434,XX,,{},XX,XX,XX,0,0,0,M_Consumers.add_Nuts_Num(),M_Consumers.add_Nuts_Num(),M_Consumers.add_Nuts_Num()
SEQ_12405_p,,['SEQ_12405_p'],['SEQ_12405_p'],60.397953,3.190334,XX,,{},XX,XX,XX,0,0,0,M_Consumers.add_Nuts_Num(),M_Consumers.add_Nuts_Num(),M_Consumers.add_Nuts_Num()
SEQ_12425_p,,['SEQ_12425_p'],['SEQ_12425_p'],55.652575,4.241669,XX,,{},XX,XX,XX,0,0,0,M_Consumers.add_Nuts_Num(),M_Consumers.add_Nuts_Num(),M_Consumers.add_Nuts_Num()
SEQ_12504_p,,['SEQ_12504_p'],['SEQ_12504_p'],58.139086,2.3878310000000003,XX,,{},XX,XX,XX,0,0,0,M_Consumers.add_Nuts_Num(),M_Consumers.add_Nuts_Num(),M_Consumers.add_Nuts_Num()
SEQ_1745__M_LMGN,SEQ_1745__M_LMGN,['XX_5506'],['SEQ_1745__M_LMGN'],41.952675,49.27101,XX,,{},XX,XX,XX,0,0,0,M_Consumers.add_Nuts_Num(),M_Consumers.add_Nuts_Num(),M_Consumers.add_Nuts_Num()
SEQ_18013__S_LMGN,SEQ_18013__S_LMGN,['XX_9350'],['SEQ_18013__S_LMGN'],45.38203,32.01532,XX,,{},XX,XX,XX,0,0,0,M_Consumers.add_Nuts_Num(),M_Consumers.add_Nuts_Num(),M_Consumers.add_Nuts_Num()
SEQ_1883__L_LMGN,SEQ_1883__L_LMGN,['XX_4664'],['SEQ_1883__L_LMGN'],42.101275,48.90999,XX,,{},XX,XX,XX,0,0,0,M_Consumers.add_Nuts_Num(),M_Consumers.add_Nuts_Num(),M_Consumers.add_Nuts_Num()
SEQ_1889__L_LMGN,SEQ_1889__L_LMGN,['XX_4666'],['SEQ_1889__L_LMGN'],42.40056,48.72591,XX,,{},XX,XX,XX,0,0,0,M_Consumers.add_Nuts_Num(),M_Consumers.add_Nuts_Num(),M_Consumers.add_Nuts_Num()
SEQ_2423__M_LMGN,SEQ_2423__M_LMGN,['XX_5620'],['SEQ_2423__M_LMGN'],42.72302,41.36973,XX,,{},XX,XX,XX,0,0,0,M_Consumers.add_Nuts_Num(),M_Consumers.add_Nuts_Num(),M_Consumers.add_Nuts_Num()
SEQ_2973__L_LMGN,SEQ_2973__L_LMGN,['XX_4758'],['SEQ_2973__L_LMGN'],31.57288,26.72218,XX,,{},XX,XX,XX,0,0,0,M_Consumers.add_Nuts_Num(),M_Consumers.add_Nuts_Num(),M_Consumers.add_Nuts_Num()
SEQ_2977__L_LMGN,SEQ_2977__L_LMGN,['XX_4762'],['SEQ_2977__L_LMGN'],32.001020000000004,31.36169000000001,XX,,{},XX,XX,XX,0,0,0,M_Consumers.add_Nuts_Num(),M_Consumers.add_Nuts_Num(),M_Consumers.add_Nuts_Num()
SEQ_2983__L_LMGN,SEQ_2983__L_LMGN,['XX_4764'],['SEQ_2983__L_LMGN'],31.73413,31.39423,XX,,{},XX,XX,XX,0,0,0,M_Consumers.add_Nuts_Num(),M_Consumers.add_Nuts_Num(),M_Consumers.add_Nuts_Num()
SEQ_3011__L_LMGN,SEQ_3011__L_LMGN,['XX_4770'],['SEQ_3011__L_LMGN'],31.65252000000001,32.39165,XX,,{},XX,XX,XX,0,0,0,M_Consumers.add_Nuts_Num(),M_Consumers.add_Nuts_Num(),M_Consumers.add_Nuts_Num()
SEQ_3297__L_LMGN,SEQ_3297__L_LMGN,['XX_4790'],['SEQ_3297__L_LMGN'],34.77377,10.91552,XX,,{},XX,XX,XX,0,0,0,M_Consumers.add_Nuts_Num(),M_Consumers.add_Nuts_Num(),M_Consumers.add_Nuts_Num()
SEQ_3437_p,,['SEQ_3437_p'],['SEQ_3437_p'],54.29715,-4.77449,XX,,{},XX,XX,XX,0,0,0,M_Consumers.add_Nuts_Num(),M_Consumers.add_Nuts_Num(),M_Consumers.add_Nuts_Num()
SEQ_4057__L_LMGN,SEQ_4057__L_LMGN,['XX_4850'],['SEQ_4057__L_LMGN'],31.69227,29.76049,XX,,{},XX,XX,XX,0,0,0,M_Consumers.add_Nuts_Num(),M_Consumers.add_Nuts_Num(),M_Consumers.add_Nuts_Num()
SEQ_4241__M_LMGN,SEQ_4241__M_LMGN,['XX_5868'],['SEQ_4241__M_LMGN'],32.911425,12.99833,XX,,{},XX,XX,XX,0,0,0,M_Consumers.add_Nuts_Num(),M_Consumers.add_Nuts_Num(),M_Consumers.add_Nuts_Num()
SEQ_5059__L_LMGN,SEQ_5059__L_LMGN,['XX_4954'],['SEQ_5059__L_LMGN'],38.8064,46.77082,XX,,{},XX,XX,XX,0,0,0,M_Consumers.add_Nuts_Num(),M_Consumers.add_Nuts_Num(),M_Consumers.add_Nuts_Num()
SEQ_5567__L_LMGN,SEQ_5567__L_LMGN,['XX_4984'],['SEQ_5567__L_LMGN'],32.33348,36.76531,XX,,{},XX,XX,XX,0,0,0,M_Consumers.add_Nuts_Num(),M_Consumers.add_Nuts_Num(),M_Consumers.add_Nuts_Num()
SEQ_5692_p,,['SEQ_5692_p'],['SEQ_5692_p'],32.20733,30.01593,XX,,{},XX,XX,XX,0,0,0,M_Consumers.add_Nuts_Num(),M_Consumers.add_Nuts_Num(),M_Consumers.add_Nuts_Num()
SEQ_5856_p,,['SEQ_5856_p'],['SEQ_5856_p'],32.3827,31.20659,XX,,{},XX,XX,XX,0,0,0,M_Consumers.add_Nuts_Num(),M_Consumers.add_Nuts_Num(),M_Consumers.add_Nuts_Num()
SEQ_6435_p,,['SEQ_6435_p'],['SEQ_6435_p'],36.19728,13.88715,XX,,{},XX,XX,XX,0,0,0,M_Consumers.add_Nuts_Num(),M_Consumers.add_Nuts_Num(),M_Consumers.add_Nuts_Num()
SEQ_7126_p,,['SEQ_7126_p'],['SEQ_7126_p'],32.14092,32.8399,XX,,{},XX,XX,XX,0,0,0,M_Consumers.add_Nuts_Num(),M_Consumers.add_Nuts_Num(),M_Consumers.add_Nuts_Num()
SEQ_7153__L_LMGN,SEQ_7153__L_LMGN,['XX_5088'],['SEQ_7153__L_LMGN'],34.68186,38.58292,XX,,{},XX,XX,XX,0,0,0,M_Consumers.add_Nuts_Num(),M_Consumers.add_Nuts_Num(),M_Consumers.add_Nuts_Num()
SEQ_7179__L_LMGN,SEQ_7179__L_LMGN,['XX_5090'],['SEQ_7179__L_LMGN'],34.64089,37.1222,XX,,{},XX,XX,XX,0,0,0,M_Consumers.add_Nuts_Num(),M_Consumers.add_Nuts_Num(),M_Consumers.add_Nuts_Num()
SEQ_7443_p,,['SEQ_7443_p'],['SEQ_7443_p'],32.057320000000004,34.97314,XX,,{},XX,XX,XX,0,0,0,M_Consumers.add_Nuts_Num(),M_Consumers.add_Nuts_Num(),M_Consumers.add_Nuts_Num()
SEQ_7444_p,,['SEQ_7444_p'],['SEQ_7444_p'],32.03768,34.8158,XX,,{},XX,XX,XX,0,0,0,M_Consumers.add_Nuts_Num(),M_Consumers.add_Nuts_Num(),M_Consumers.add_Nuts_Num()
SEQ_8113__L_LMGN,SEQ_8113__L_LMGN,['XX_5174'],['SEQ_8113__L_LMGN'],43.86124,39.1952,XX,,{},XX,XX,XX,0,0,0,M_Consumers.add_Nuts_Num(),M_Consumers.add_Nuts_Num(),M_Consumers.add_Nuts_Num()
SEQ_9389__M_LMGN,SEQ_9389__M_LMGN,['XX_6586'],['SEQ_9389__M_LMGN'],31.87903,34.5099,XX,,{},XX,XX,XX,0,0,0,M_Consumers.add_Nuts_Num(),M_Consumers.add_Nuts_Num(),M_Consumers.add_Nuts_Num()
SEQ_971__M_LMGN,SEQ_971__M_LMGN,['XX_5424'],['SEQ_971__M_LMGN'],32.46714,31.98181,XX,,{},XX,XX,XX,0,0,0,M_Consumers.add_Nuts_Num(),M_Consumers.add_Nuts_Num(),M_Consumers.add_Nuts_Num()
Stor_EU_35,Stor_EU_35,['XX_1014'],['Stor_EU_35'],53.66309,1.27678,XX,,{},XX,XX,XX,0,0,0,M_Consumers.add_Nuts_Num(),M_Consumers.add_Nuts_Num(),M_Consumers.add_Nuts_Num()
Stor_NonEU_28,Stor_NonEU_28,['XX_1067'],['Stor_NonEU_28'],47.0225,39.00977,XX,,{},XX,XX,XX,0,0,0,M_Consumers.add_Nuts_Num(),M_Consumers.add_Nuts_Num(),M_Consumers.add_Nuts_Num()
Stor_NonEU_8,Stor_NonEU_8,['XX_1047'],['Stor_NonEU_8'],41.94777,49.32137,XX,,{},XX,XX,XX,0,0,0,M_Consumers.add_Nuts_Num(),M_Consumers.add_Nuts_Num(),M_Consumers.add_Nuts_Num()
